"id","length_B"
"4010",154222.898564291
"4004",532990.050619006
"4007",461921.586265588
"2002",659867.899864657
"5003",821972.456419384
"8013",368719.19791309
"6006",53886.5355702231
"7002",1286630.5905547
"7005",240342.762752096
"13012",286598.171683745
"13009",196658.41216218
"9004",318759.980924415
"13002",244325.538464604
"11006",173088.501514637
"15003",6600970.3241602
"17004",269383.384683049
"17005",401204.473393966
"15025",839495.912710621
"15027",36526.8113799662
"15038",603713.079765139
"21005",692143.502615874
"21001",67529.3598083981
"21024",280379.330451175
"54027",150050.93751843
"54028",1671530.39766598
"67001",933514.683518463
"57005",1242326.00250496
"39003",12216.4219145589
"39004",3212.5433699904
"40015",16456.464135536
"43028",1149.00165548438
"37034",81395.2844219275
"39146",1435.51766692787
"39042",18039.5517515524
"39111",5113664.39255009
"38001",779831.488622526
"47022",26036.4975327704
"38011",7242.1406956955
"43022",176872.518163951
"43019",19553.2014804011
"39057",15206.2757470092
"28014",481410.541158462
"28022",7676123.23592392
"28023",53108.7430260531
"28033",19643.3029465679
"39056",34527.47222881
"40029",40794.2344042046
"28113",20384.1463219039
"30005",65132.6945898873
"32010",1252539.16518385
"45008",212275.787984082
"32008",73074.475994889
"33068",285.806976724957
"38032",1061749.25316943
"39035",67036.5295166655
"39077",12425.2080189176
"39088",3968.74566829154
"39038",325265.114594357
"39052",43479.7768861096
"54036",92179.8458653692
"40011",258456.398187796
"40012",58425.0730575688
"38022",16175.3134455255
"58009",153100.266229323
"59002",110288.611464986
"53022",1409847.67696217
"38033",7631.36168668847
"60004",71070.9471437789
"54057",11629782.2659052
"84020",151838.609372657
"75002",1542398.93937497
"49005",13952.9393139321
"96006",245298.661658916
"50013",34033.2864292645
"76004",302444.260358584
"76011",4302.34934570269
"48003",136817.369213764
"81003",404172.496056031
"81004",759487.491532382
"91802",15608.1796260313
"101002",44993.0352021194
"84009",125005.337122922
"63003",99852.1930266797
"202001",0
"83002",318794.577732096
"69004",300046.920491845
"52026",9407.58371443339
"80002",2009873.43602858
"55004",144241.007341809
"73016",93914.1455613618
"89009",32205.7895207459
"54098",19333.7764713928
"31026",3475.82955216025
"203011",0
"203021",0
"203022",0
"205003",0
"82001",559731.620535431
"203049",0
"79007",214575.002464759
"18011",2740861.59816573
"205011",0
"83009",498003.11486205
"203043",0
"81006",280793.093924462
"80003",10660.3005500194
"42029",131062.131659532
"21021",5674374.16872652
"19017",39589.532256819
"19021",268185.278180557
"26007",14755.0373915038
"21032",392602.773072341
"27008",2088206.79445123
"25009",2705448.14703745
"24006",113021.003123656
"26004",19009.7245721682
"27072",137356.008062197
"27068",123366.202431489
"27056",67649.818655192
"27018",49191.5697262532
"27031",380022.394014504
"27038",7388.50722364459
"27003",2574120.60766327
"28079",68453.0059246222
"28080",412070.256538369
"28046",47269.2787780959
"28059",8086.26764359361
"28001",475302.430200517
"28004",411612.84473915
"28008",449645.563744928
"28010",1295398.59500144
"39134",4949.85176630704
"42006",11226.4469669191
"41034",1870.57473901074
"54115",97558.2967964594
"41021",10410.6544235184
"39009",4578004.89651584
"39010",232667.961132958
"39011",275731.983128983
"39097",687154.564595258
"34001",270102.059644191
"71014",223917.781769096
"74005",268082.853164806
"40021",53812.9451914309
"33045",45838.5211152155
"45001",1012432.65535625
"39016",451704.648818266
"37010",237934.942769811
"39032",3843.45626754154
"37026",19248.8961736629
"33013",110181.264782319
"37016",68297.4570654632
"39114",9045.30600505445
"54023",98503.6097403842
"67023",16272.1815234566
"41026",45024.1731921546
"84025",149338.937181325
"53024",16333.372716508
"101005",33294.7557212665
"54061",3191.34267902995
"53006",137873.429464162
"54089",2324374.50692095
"57015",274259.273795151
"64004",325916.519007981
"56019",127781.939644925
"72005",622000.308086242
"201007",0
"69015",489393.554972169
"54022",15105.5276358233
"55005",295403.189435703
"73010",701604.686697048
"76022",422973.067204623
"55010",63591.971018754
"56011",173518.086868047
"6001",4004637.34472486
"3003",650994.241709672
"3005",1238773.854393
"1001",513160.376092489
"2001",930990.242166941
"6007",4040752.69204373
"8001",4602830.06952667
"7007",117236.944674135
"7008",246512.45554966
"11001",2008023.61035453
"11004",299406.398070952
"12002",2748955.76679036
"12003",1073245.61726341
"15041",594434.455625642
"16004",1646535.16382697
"18021",2988.56911614563
"15010",557546.267200033
"15012",2925548.53429095
"19012",187295.07833557
"18014",59553.5223505598
"18022",124892.459825456
"19001",655842.845336118
"23001",5368946.43169108
"23003",2601811.33693029
"20002",18100.5935564564
"20004",27072.1612572155
"54029",1988403.24551829
"54026",20582.9281896284
"76015",360677.572561456
"37027",5249.18122530934
"41002",30123.8815510248
"47006",375796.482853138
"41012",127486.279145886
"38007",14306.2902651095
"33022",575808.777009902
"33024",161416.233889193
"39100",21001.0207637444
"40013",46674.3099620207
"39028",21650.5392449271
"39110",35260.8658359875
"39112",56.8214526859829
"35008",157530.518975448
"39119",624.38847268658
"47020",144314.581458521
"43023",9398.43202270797
"39138",725723.516977117
"43017",67391.4984906159
"58003",153375.996155212
"43012",40620.2142685516
"47015",316542.404950998
"39129",1069924.93848722
"39131",68901.4478429061
"39095",14649.9293399019
"56004",1107135.94391735
"56006",463038.179347358
"27075",140737.763871471
"28058",37414.2631080663
"31011",40409.4581908675
"33002",1321586.50522005
"33004",224779.571514216
"28066",41682.6619190633
"30004",104694.270090525
"30006",24055.5402399805
"39098",26073.0512573381
"45012",441252.538683625
"31005",349703.785418309
"31028",61388.0216025294
"69045",286916.317019398
"54038",437542.230338132
"67025",122309.254667413
"39120",27319.1962974032
"39093",61698.0074971865
"42027",7766.71719964983
"39123",47486.0706076592
"41017",54359.2505980191
"42005",2877.70301521735
"34008",28617.4621437696
"41018",107873.863181757
"67027",3139337.12332917
"38014",15890.9777856769
"40004",304890.603071232
"42008",3096.44219333093
"67008",323835.43023027
"70005",94156.0739815763
"75001",109409.785502177
"69012",90667.8330833423
"88001",136044.066743088
"108001",55846.4112176802
"63002",300452.305058812
"68002",136390.306146125
"68003",520861.807842703
"55011",250818.560638202
"55012",518037.293332836
"53017",49856.6711057711
"69035",279181.572623308
"72015",369945.947192448
"55025",168556.634983751
"96005",126066.485687505
"66005",174679.032523138
"54067",28736.4945589591
"72007",88070.5508447414
"66006",357200.526164166
"76005",1003352.72844151
"76010",121064.213561614
"50005",23100.3633955572
"65006",237686.993787488
"236005",0
"75018",1544187.76976649
"203093",0
"64006",72788.6500106014
"54066",6375.49003867115
"49003",25240.5976291278
"106001",63878.5901703498
"73014",202876.150790249
"54084",46118.3543081348
"82003",850992.532025918
"83007",102927.081018013
"83008",163005.364521347
"90003",273412.654372428
"56012",251956.600941868
"89008",17591.5454154377
"83012",30411.0169238741
"73017",213716.951499841
"33023",61146.8610143735
"28017",342272.813733095
"85002",511492.171699815
"89004",210634.078402897
"39108",23504.5510536774
"203040",0
"81005",58313.6504501653
"19007",561063.197796173
"23002",282281.979362722
"27048",233612.928148907
"25001",2379498.21463736
"23012",220190.091483014
"25005",320423.217632624
"23017",59056.5891996427
"24001",1478896.69471716
"25022",101890.904797541
"25809",0
"25023",207776.357034746
"27069",228588.957356851
"27013",101608.638745835
"27055",300889.537295692
"27016",143458.445315178
"27017",80463.9585371096
"27024",932523.881588564
"27025",405029.740662584
"27034",1302719.37469185
"28047",47516.8441580621
"27043",847635.535575821
"27061",182297.751089602
"28035",46438.9111906915
"28038",104128.445388999
"28005",1005489.47474983
"28006",320144.969590349
"28011",942158.122834352
"43025",25993.1051976822
"42011",21142.3957572485
"39115",25583.9087204443
"32029",9014.61636051811
"57017",67527.6007187894
"39068",366715.683378236
"33037",628676.694966178
"42016",14108.7792601133
"52002",59840.5554843846
"71009",2322189.08748498
"42018",50344.6081115103
"39076",151127.326335968
"34007",125558.148938587
"39019",14226.191695011
"39020",30435.4185723524
"37008",206356.252446636
"38030",97453.9343737077
"84013",3323955.09375182
"33032",3134.49965600236
"45013",51326.5883289722
"45816",16497.8674246483
"54114",773698.047352289
"33015",207069.215751272
"33016",731835.930629727
"33018",111718.124589222
"58008",178283.955610237
"39118",582.278390798976
"54113",79498.2136258934
"69043",32028.4487425234
"56013",118477.505233078
"54102",101556.640334061
"54045",54616.5876701764
"52007",90619.4792277823
"55033",6922.34802165983
"58006",182790.898475197
"89003",932849.898507251
"53007",326644.93164134
"75004",269829.915660262
"50012",100277.729790938
"57001",108563.525714944
"54018",265066.470750186
"72002",700076.242181467
"31002",330044.621207983
"42010",39631.4665605079
"201008",0
"55022",239423.630962196
"65005",64454.6038487796
"54046",34623.1337770533
"50001",1352346.20717782
"55013",181214.503092543
"64001",1198651.91371289
"68020",135035.09476231
"54004",176867.890578221
"54005",4235880.21680183
"54008",1541748.7850598
"55018",135487.569974815
"53028",51932.9886827897
"8017",35435.67804118
"8015",81132.0015775154
"4003",390610.45415854
"4008",69105.5676265801
"3001",987548.194817664
"8008",256899.518748146
"9006",106197.353865074
"7011",104754.279053749
"9009",197862.817106394
"8021",65224.4621473376
"9001",849067.2574239
"9003",408363.558503703
"12009",72100.1534368527
"15008",238489.308482453
"16002",423818.655880903
"18017",24736.9031306427
"17001",291708.950521077
"17002",729749.443572121
"17016",29403.3797775362
"21006",2765923.88460548
"21010",3585292.38416771
"18005",476137.6455229
"19010",23249.6635003116
"23015",2659268.92940557
"22002",151057.178550649
"23014",68298.5070948777
"21027",192770.55857075
"50011",122440.42111962
"47016",28923.1365651118
"40025",70964.0047116885
"41003",166667.056133703
"33028",143223.196023707
"36006",571252.467581194
"36008",247432.206699135
"38026",61616.4092912774
"38004",177526.346792833
"38005",101268.50251547
"44004",108086.908316501
"39043",48943.1743832033
"41014",603908.359066934
"43004",21531.81233392
"93002",317315.64374309
"202002",0
"36010",25422.1039368167
"56001",1845955.38130224
"28016",132459.413263991
"28019",2423034.69776333
"28027",164436.769270759
"28031",260751.498351663
"28043",812126.214526039
"28032",37512.9688117971
"27077",20051.2726357261
"39046",2489460.60199196
"31025",32129.7285522974
"33003",759776.552887272
"28112",373481.497822366
"30015",13401.3490404946
"28103",6835.86624303845
"28110",3401.03213176789
"45010",72576.3539483434
"45011",178966.60510275
"42012",13767.6377774598
"41035",100661.440545265
"31006",88690.1612314639
"84011",293642.839981397
"69023",220552.985634698
"69044",261026.854237129
"37013",84046.5929525707
"37011",84016.1795968557
"38031",509488.442444721
"33054",23420.9666495158
"38028",36313.323465433
"38019",16125.5042439603
"40005",370096.097103504
"40008",247509.125840803
"40010",256649.157553574
"41024",30328.066101656
"58012",243096.44280088
"49006",18837.7065216621
"27096",364267.951355716
"68006",290421.944433477
"67003",28556.0804104535
"65015",136264.171546964
"72817",64212.9675275555
"62001",1513431.82285397
"68007",209096.851447613
"54906",154504.116654982
"54080",340581.569462363
"54047",141320.003565576
"72016",319144.732951484
"95006",154994.853890335
"74007",181710.268389767
"69011",53219.5506806215
"69042",4335.27368362732
"92002",31125.2861088457
"205105",0
"64010",242241.229897018
"92003",97257.6374178692
"65004",208658.469759346
"74002",96871.9459233391
"101004",78620.0517360826
"89006",93940.4061046232
"58011",64849.2970036725
"53020",22153.8437142967
"54003",171732.781959491
"69013",23948.8656045401
"48009",16533.0403429798
"75007",157500.261490457
"54100",18596.4167179164
"84001",608720.771061132
"101001",75363.4978130321
"73002",250036.697372725
"54099",21234.1126467876
"84037",212081.037951866
"49008",17094.9378912044
"79003",359519.527027338
"203024",0
"33040",109.247824666458
"27093",61763.0877401376
"39866",4577612.5853607
"19004",198788.378165554
"19005",511483.254466534
"19006",198488.063995121
"19002",115801.048735239
"19008",227048.788154489
"21029",78757.8914989931
"22001",1018938.08824779
"24011",95910.7038656899
"25003",42479.4134829614
"23033",537027.747977048
"27014",1103315.86466989
"27060",170846.914195957
"27083",223531.894031725
"27085",325335.526257497
"27020",9937.30256665284
"27028",952439.3814858
"27032",71018.2067819325
"27035",464962.98083835
"27004",1392838.70925336
"28081",46449.6145457826
"28082",149826.499746746
"28093",944314.582769632
"28095",972364.472616421
"28048",137553.641747763
"28117",971691.996824379
"28052",102443.566298533
"28072",34891.3940576778
"27051",19929.2197401354
"30011",29666.6545103076
"28037",667622.342905776
"28002",218719.057740253
"44006",2601.20565137344
"39069",174280.303798744
"33044",410212.948616307
"32031",56776.1811515364
"41030",64619.5200302488
"37018",46963.6293850016
"34003",145368.708694626
"34005",66771.2771512171
"71008",809591.982940686
"41022",100712.376668248
"41028",37846.3677185354
"37006",278820.019757703
"39013",172902.056441495
"39014",18889.3245676159
"39018",234770.479193292
"39029",31495.9299591972
"47025",17338.6115231291
"34014",322876.345484103
"84014",479263.805693773
"75016",144479.808254807
"35001",280853.759709309
"33012",283469.070293736
"33017",3338863.82189672
"33065",809.353196968591
"40017",39478.6573157005
"43013",14281.3475643031
"48005",23127.0756795633
"58002",653425.674605072
"47014",76156.7157748799
"54112",92198.2642612004
"84030",230212.309270563
"54106",150576.305822974
"56003",96791.0214289383
"56007",67403.1128066647
"89002",167899.146305993
"54059",5481.47283839275
"53008",161375.729595212
"77002",1114842.05297662
"50003",23167.5332026808
"54017",285936.666934715
"73009",132648.216283729
"57006",356038.690088686
"57009",402983.184526114
"72004",2491899.92984252
"50010",442863.105740536
"69017",343041.047849346
"52008",32619.2112952501
"54050",238553.1742295
"205020",0
"54020",162777.811271375
"68018",280227.802452752
"48010",59052.6468108672
"55029",696118.019936864
"54011",108826.105365727
"53029",64960.1936904824
"67006",494100.545300852
"5004",497985.306312793
"4006",297687.823391187
"5001",1483586.33249489
"6009",887548.858266612
"7001",733177.220997588
"8010",2928394.17783092
"13007",1303735.69334658
"9010",474818.674754062
"13005",186710.74713453
"15005",46862.2922252321
"11005",305654.699668224
"12001",2034179.97747509
"16003",294765.744665572
"15002",19140.1130319109
"18020",2353.52553725804
"15016",1797612.0657386
"15017",381572.015332334
"15018",450288.992174665
"15021",127191.157049046
"21008",1953910.86464349
"21009",7357602.24733831
"18007",136861.399859853
"18010",940974.458479064
"22007",465031.110496284
"24009",1825941.7482367
"42024",23198.4125037067
"39006",174748.087665576
"39007",406610.446786188
"40016",24110.2880053562
"40018",55804.0193874931
"41011",161402.25059137
"54043",8998737.99774034
"39144",56977.4167635995
"39145",707.23715407008
"39147",296.32660215949
"33049",40760.5255734677
"39058",12594.9815158266
"39061",90.7109838352469
"33029",83190.8088723524
"42017",19332.3628425173
"43018",29372.0931075369
"69048",104992.534735664
"67015",2346925.3143431
"39085",12216.4219145589
"36005",119301.71354054
"39027",69247.4048250844
"38003",10011.1929799299
"32016",1666.47577529119
"44001",221151.245999763
"33062",193.411859301372
"43005",130470.936779273
"43008",74030.4094725293
"93001",415577.217971932
"39128",157272.100577862
"39073",37521.5095169469
"38025",16120.8907806285
"36011",39104.2767174734
"28029",74326.9790180401
"28030",8546.34560268331
"31013",81071.24579119
"27081",17389.7135471863
"31010",59144.8782028348
"30018",29112.4927702749
"28067",1403350.73887388
"31024",21054.6856362989
"29001",30031.5249099581
"30013",3727.48328997383
"35011",42668.4479331654
"45007",1980256.30862222
"32002",59387.7972714723
"32004",133128.569045772
"41023",7514.06162867179
"84015",477130.0560494
"69027",302611.75319958
"42014",127511.961814275
"52001",7877.14790018644
"39039",3013.34381050862
"38017",3061.10868373734
"39104",477987.171665212
"39084",35592.453069482
"39086",32065.2086323968
"33046",287396.413000781
"41037",396.280742194283
"54091",5621.4603673319
"76019",97963.5594627316
"55015",62571.29970531
"53001",545926.017726815
"61003",70591.9637255805
"68004",62495.8914429079
"69033",79721.2254128757
"69047",37384.1181751722
"48012",87728.8007578389
"69037",2871110.25091386
"70002",259634.820112475
"70003",116108.026799099
"84023",37937.4229622113
"73005",548069.820785231
"76007",3605032.13732695
"49004",43758.9172293844
"66004",51363.9589392147
"95002",276220.877319785
"203092",0
"84033",237419.843029644
"52025",37322.7373084569
"92004",314120.498092475
"69020",35058.5232595465
"67029",16772.9828349981
"75006",67260.6392387808
"78004",198468.870151047
"81001",39615.7346452514
"66012",238852.104042233
"53019",38284.771318604
"84031",7383.17813341685
"82002",566367.664053389
"52016",18517.6309789769
"76001",79272.9410335341
"89005",196372.403728279
"65001",232683.425052287
"67013",79560.1052441949
"68011",66577.7003292821
"54048",98515.6312829789
"53023",23519.8507862678
"76020",109852.649682984
"33052",25346.6721510693
"203017",0
"203019",0
"203097",0
"204001",0
"79006",1186797.88841663
"203025",0
"84004",1400897.19229498
"80005",6185.48325210257
"77004",155506.168276782
"79001",19260.3892556764
"42030",2011.44899095377
"43027",1009.56926574433
"60017",141417.225871391
"21016",160128.052121927
"21022",736384.459412071
"21026",70484.3209748871
"21034",243853.265913335
"21019",109747.905198534
"26008",36072.3608457849
"26009",21427.3173807409
"25004",167088.713529207
"25006",305363.362947906
"25011",35749.9920055664
"23018",10827.4681995016
"25029",310497.594749262
"25810",0
"27090",1152352.56655738
"25020",115067.900096865
"25012",101979.043322225
"27092",747527.699867141
"27057",250960.796999754
"27015",2661819.40791906
"27087",820625.008618309
"28091",133105.127124317
"28050",122556.410922681
"28040",80418.526228044
"28003",113701.82838186
"41033",621.141878439691
"45002",651041.069795014
"39116",4983.72439244162
"41020",59374.067107872
"33033",73451.4059130564
"36001",771484.972606998
"39074",32513.166790323
"46006",68097.4926492807
"38002",90216.8583400834
"39079",789138.710824298
"37001",350885.495806375
"37017",150968.36195928
"41015",5276.59086205174
"69022",208147.479793864
"45817",2577.24243985845
"33014",142838.593406805
"40014",6812.61341018029
"54013",114476.399944666
"54014",1285995.30694534
"54015",117259.798258526
"54092",7710.00709455059
"54012",610046.897770615
"69019",12807.3881276173
"55034",9628.95372689101
"54107",99429.5885529473
"53018",1368081.04496291
"54088",145084.947620404
"71001",2527817.46391776
"75005",667006.238571412
"55026",310921.593547878
"57008",472186.788855371
"60007",389658.666503277
"84017",283180.905479294
"52009",24136.7388204135
"69006",287496.901693935
"69032",67048.6866550388
"101007",16570.395805643
"66001",657322.900815975
"72008",365746.82523543
"205015",0
"84026",57152.3539911787
"54006",154504.116654982
"54007",307933.869086559
"101006",21816.2232286018
"12008",362052.646113807
"4005",280030.910351331
"4011",121111.494461802
"7009",53714.3624605383
"7006",37395.342817462
"6011",189723.993183814
"7003",441925.824944352
"8003",1018939.20652353
"8005",2111149.75881254
"9005",150119.691626186
"14006",21519.6990804908
"10002",798640.751682314
"14009",36242.4861602272
"14010",39000.8908162117
"19011",279637.662034063
"21023",147740.832703235
"23005",640330.223518092
"23006",968020.000442205
"39033",5182.59251679621
"76017",2183524.89803267
"39001",6728471.19370084
"39002",2550538.39943853
"40027",34542.1495172204
"47004",176991.155653879
"41010",156462.602102461
"33050",37719.0142660986
"36007",49107.2991199947
"37031",55257.0407583276
"41025",151648.938654131
"69803",157046.601496069
"32020",36572.2022981856
"33058",162625.216622765
"39036",6492.31594472105
"39030",10207.0865373698
"39113",63.6688161021212
"38029",66572.1018340891
"36012",114850.700043245
"35010",274670.842309899
"43003",372428.7817751
"43014",54326.0265246721
"47010",133381.302418579
"39127",517.354320565467
"28015",268015.019096594
"28020",391083.80047867
"28021",1394348.40341411
"28024",406967.250352389
"28055",67022.8948640172
"30033",95356.791354887
"33001",3600558.53656522
"29009",29913.4609237957
"30003",202819.409906956
"42009",1732.28759718218
"39121",6179171.84724353
"31009",147528.591812954
"32003",65035.9812275178
"69024",266748.772402825
"69028",1158503.00966767
"69030",131466.661244934
"39094",21955.2300205057
"37014",116398.57063986
"54032",8999250.4412065
"39034",262205.911118553
"71002",120155.228331373
"39105",408972.053833427
"39106",387792.163130832
"33048",12492.9490307671
"42004",182851.665790916
"33066",69508.4266688989
"38015",3080.1884115467
"40002",12922.7641023685
"40020",68022.1591936908
"52015",13968.8890416371
"54065",183246.991117552
"72017",520433.802891512
"53004",134747.747334229
"69041",276234.639142631
"54907",307933.869086559
"54052",34052.3420994185
"54053",171755.061856644
"54070",17544.139817872
"58010",34839.3505790675
"75003",940638.001770772
"203046",0
"205101",0
"96002",1033722.1693575
"96004",222020.483377627
"97002",929267.60752432
"55031",33527.6683195641
"205034",0
"206001",0
"84008",97498.8529473985
"105001",222001.90336581
"55017",55325.0427015134
"80006",27491.6539491164
"56014",45785.80264762
"69039",34761.9580215569
"76023",81275.3580631262
"84035",13216.9700268382
"69003",31667.8213890606
"89007",91539.1423665414
"53026",68781.4460799026
"83011",150617.633776678
"57010",141683.840008763
"76014",162903.378762099
"74003",111343.500454309
"69008",66054.350403816
"203012",0
"86001",131294.593797014
"95003",61238.6102849667
"49007",146540.908210742
"79004",367732.568707022
"80001",477232.444739106
"205005",0
"203026",0
"38027",270446.847643637
"83010",203341.936360512
"203039",0
"84002",54052.3462834123
"80004",3949.92725224219
"21015",365231.449094619
"21018",342757.956552751
"19020",92754.7056564718
"20001",341103.288788642
"24007",63204.0354137179
"23009",346787.370285781
"23010",224282.517238747
"21031",1170553.33873307
"27050",691357.000400585
"27007",1906960.78730369
"25007",74999.8344575274
"24003",577074.087929416
"26005",16414.6376666618
"27059",166480.875989926
"26010",15439.3368332334
"25021",53624.1667248314
"26016",3428.18159434447
"27091",100001.270019624
"27022",1056998.03948361
"27027",890410.055874211
"27030",343181.501223125
"27002",1463302.03490344
"28085",1297503.64205116
"28074",1095826.55141912
"28070",16052.8613897118
"27073",16105.824707618
"27076",89180.7446124426
"30012",44922.9803548346
"71006",891064.000793147
"71003",34745.6750185947
"47009",62692.7784879014
"39065",361.70861094967
"41029",47312.5554391508
"39008",1086091.47956729
"34002",173953.292194278
"40006",44774.6504427695
"36013",148963.195671567
"71005",32545.233216326
"39024",29180.2155829153
"39081",225968.182256555
"37005",249814.886298917
"34010",238514.346614341
"34011",94421.6430963187
"41006",96317.1365038927
"37025",34737.8020767545
"39044",135124.528445348
"37023",309746.382634507
"84012",385082.893620393
"41016",23611.6534659819
"54024",157533.516550655
"33011",136807.145669615
"44013",6937.62818499322
"39005",27640.9829100215
"42001",61784.3221707943
"39142",23567.3115082983
"42007",7540.7081858356
"52014",94032.9485822982
"54110",11621366.7663206
"54111",205450.151533639
"60012",43200.5880470748
"69046",94237.0359920634
"26013",13571.3964564638
"48803",20471.9092736085
"106002",34181.1730220069
"65014",27497.1240219218
"54060",9845.66606831308
"75009",382981.943930155
"201006",0
"64002",194486.389029177
"52011",75758.9939425857
"49001",245960.241838246
"68005",186244.807577629
"84003",2064844.69576355
"55007",2306602.69414273
"60003",459185.104013008
"70004",139512.832794155
"5002",542261.569844488
"13017",16031.6535172658
"8011",180023.117664699
"6008",222616.258638531
"6013",12316.9737905477
"7004",521612.022926006
"7010",153735.445710932
"13004",170214.487732734
"9008",137647.576854338
"12004",31706.8178061178
"15007",2983073.79164767
"11002",1240977.09212114
"16001",1264321.58356553
"15001",116768.962937319
"18016",7160.69598743436
"15023",412447.963108511
"18013",129963.507611361
"21013",288705.892630764
"17018",12302.6855735646
"22006",336829.051507191
"21025",297955.314351883
"23007",509423.993507295
"21014",296624.505827341
"61001",323076.770893519
"69005",270204.823722789
"66025",697097.824645759
"57003",1315202.36715748
"39087",105742.454299461
"47013",19562.740403435
"35004",60223.6908126155
"36002",86104.9259744932
"47003",325044.252774555
"47008",192250.278745144
"41009",419405.032182579
"33053",89830.8634279017
"33026",2858283.98205312
"39092",30538.4689883836
"33056",73591.7912283763
"33063",130388.031937251
"39107",398.298891118515
"39026",175350.916453248
"38006",191577.634466213
"39109",25723.8446947497
"33030",40454.4756726781
"47019",786843.861970575
"42026",3244.02894956638
"43024",52090.8346048013
"47017",39484.2436647702
"47024",170196.740125878
"39140",273892.339180225
"44011",50367.820738287
"60002",546760.495697503
"39054",38408.8024738193
"35014",9985.64643034169
"55035",3234.05471405477
"55036",59920.4073394528
"29004",56475.7642492848
"29005",71715.8523305173
"28068",10455.7565359575
"28049",50137.7042051118
"27079",1441118.14768649
"30017",41729.4029622116
"28061",244608.370641456
"31004",545705.2849836
"29002",52660.824512221
"32012",42307.266466444
"45009",225550.660858747
"46003",365975.830311892
"46008",172304.997712129
"31001",62532.9552626798
"39015",7104.18863838499
"54040",86134.211922875
"37012",45586.3335949876
"39103",143201.674901141
"43010",15263.354586378
"59001",683444.305431182
"54095",5788924.16758131
"71013",70187.276773657
"54062",3582.94498697514
"62002",1009286.48265607
"53003",1407416.90411416
"55002",3116699.67820211
"95004",15039.3620326325
"96003",200677.535124129
"68044",159050.026960719
"53009",44974.5166953193
"74006",96612.6505324319
"94001",959632.227504168
"84032",2542.78953327762
"206002",0
"68015",50583.4524353044
"72014",50042.8380372765
"54094",52379.9435110445
"25808",0
"74001",264825.389145597
"73011",191097.644546842
"54081",96973.7246002599
"81007",174866.286925074
"83005",680862.119535437
"52017",46098.9564833032
"39096",5778.57824580409
"73006",53620.2932227291
"205008",0
"70001",62300.592283228
"203010",0
"203018",0
"7012",55511.4455596731
"205004",0
"39055",3066.52492562444
"94003",80727.1952829663
"203050",0
"79005",652516.469425884
"203027",0
"18019",3781.67129263832
"26006",7099.50245000558
"203042",0
"21017",96334.5034247057
"21020",308359.580768968
"19003",137965.093811942
"21028",16446.8819705422
"24008",1249282.13439387
"27011",239519.071816391
"22004",282002.798627791
"23011",128214.759650105
"25002",793409.6818319
"27006",570247.618339515
"27005",346861.466565206
"27010",61563.342238179
"26002",183372.697435177
"27012",128472.013452643
"27082",11032.5134464714
"27084",71437.1861791166
"27042",120254.779219077
"27053",538627.523671461
"27088",411921.723328339
"27063",89290.9290874518
"27019",73380.536416014
"27021",1475822.09575354
"27033",49974.2974556493
"28115",8862.18841828849
"28118",44231.8039994813
"27041",2587423.40091923
"27040",90316.9301266202
"27066",40186.3390588558
"27047",49686.5262755493
"27052",71634.6010385599
"27062",1023640.56738287
"28007",3954239.61404966
"28009",6919202.62448513
"40001",42197.5055833825
"44014",26178.8882123955
"68001",519848.567151655
"33035",2835389.36312617
"47021",37236.6542970735
"34004",446178.441557991
"39089",1490.31116056942
"50014",127522.060321066
"39137",3069.86841579681
"39078",75054.6947808866
"37020",152916.753442472
"33031",82665.0842705532
"37024",150097.455519905
"39126",3218.17807345261
"38024",39004.3244937562
"58005",170990.400831686
"33007",79819.10468792
"33009",1104205.1263195
"39021",445309.037656989
"39025",170770.619548532
"40024",31658.4523340078
"47001",1481364.61154789
"39117",31516.4102733469
"35003",67555.9194172805
"38013",7631.36168668847
"37015",66743.6520217076
"45004",474900.97263717
"78003",2061386.51440686
"75010",57980.6530580569
"58004",229179.992162571
"106003",34175.696218457
"60009",205915.88952417
"69002",801083.171287288
"60013",430147.484462861
"77001",2078586.25119215
"77003",898806.219659307
"201002",0
"201005",0
"201009",0
"54001",6329208.57747793
"55021",358134.589860474
"55023",5517605.68103345
"69007",1228589.59358436
"50002",1075611.9311235
"52004",125799.095059764
"205029",0
"55008",23169.6092242934
"72009",248862.090961235
"51002",28936.8129352813
"55030",183585.453356039
"73013",197710.634098436
"50006",538921.708200663
"50007",110899.888418599
"8018",378789.541668328
"6003",900869.398568591
"13001",261826.829460235
"4009",28719.8524689122
"3006",96594.0192519733
"6012",112617.978508478
"8006",5041753.56800362
"9002",1915032.30788825
"14001",425504.13462686
"14002",96639.4648051787
"10001",670039.692265769
"11003",774610.924235355
"14007",40011.429971013
"18018",16223.3224605509
"20007",95123.3887067959
"16007",95776.3945947731
"17008",66218.7194304426
"15013",365513.271897934
"15028",109072.091788851
"15034",1249216.62081972
"15035",1199351.59313249
"17015",64216.7399319228
"21007",1002080.28359659
"21011",447770.388143139
"19014",42487.7701625519
"18008",679813.666745844
"18015",550612.184619332
"18001",376511.81380688
"18002",408521.841159786
"22009",694677.981015295
"21003",1295117.48659489
"23016",24440.7915953895
"20005",110722.237922688
"42023",90751.3145892094
"54025",100406.478754633
"57004",259637.612963318
"32019",37568.0221977008
"42015",2732.72945608286
"35002",130101.480551559
"41001",23997.1354230395
"33021",279871.415310065
"36004",38557.6123160352
"39148",4577653.17476091
"33057",82283.4894144048
"33051",116205.170286749
"36003",36729.6032209303
"47018",113565.07795797
"41013",22347.6534738561
"45818",18190.0365524714
"33061",3979.20487691504
"43021",606331.433428491
"43007",679574.166934565
"39130",3217830.59769784
"28028",331024.75389801
"39051",69459.9246513954
"28053",233350.207018255
"28056",85543.1135573441
"31021",191968.04533334
"31022",16498.0703634622
"30002",220798.478131449
"31016",21228.1992359774
"28109",3981.15598233452
"34018",87952.6244229399
"45006",49074.620778916
"32001",1379622.4357248
"54034",71884.4506979495
"40033",1887.1357318055
"51003",44955.4823689721
"47007",103433.61797415
"40007",320598.61915477
"40009",157521.387964916
"60001",2195439.32859632
"54063",53391.3811213432
"64011",17564.8806553527
"102001",46174.9751149824
"48006",46887.7781641544
"53002",157388.649252393
"66011",1241636.32098485
"54049",285160.747251042
"68010",14092.0499934216
"76008",712252.751603225
"65007",249422.995057606
"236051",0
"81002",773235.466636086
"63004",80594.1768509032
"54085",24888.0806845238
"78006",501361.285178944
"84029",30316.8230017412
"201010",0
"73003",218933.028357135
"52020",37096.7995488056
"73015",40363.2915987416
"74008",154932.299328743
"205010",0
"54087",1404.07162136209
"68021",18437.7206864712
"83013",410366.667295716
"54096",34240.5931316607
"85001",2318109.34474815
"85003",304584.515676994
"85004",203656.791815408
"86002",582944.803790921
"203038",0
"19009",18955.2170833626
"23008",954990.142373491
"21030",117421.186227461
"27049",363383.390884762
"25018",871102.620894246
"24004",165359.470933336
"26001",21427.3173807409
"26003",19648.4731448914
"27023",137976.220039125
"27001",993382.674500054
"27067",59009.1090352196
"28086",86718.6398988483
"28087",65108.8425141813
"27064",98512.1371123985
"27065",138499.838807838
"27044",70693.3268485135
"27054",98984.7257666162
"28044",6564.84300984488
"28041",92947.4291461771
"28036",26770.4354070155
"28012",1129872.40295158
"41027",30271.4629459821
"39040",110928.737509959
"67033",3242261.85329741
"40022",63051.4322878759
"39053",105534.875093855
"39125",10015.1498282621
"40023",73863.7070322116
"39099",4540.31433219538
"71010",216147.498962075
"38023",1026358.72607664
"42019",23722.4120922728
"38020",60922.992366312
"37002",617391.932695532
"37004",335070.577946943
"34012",8509.32603822332
"39049",18924.0614842586
"47023",94728.0948163284
"39031",4084.28150317396
"46007",73729.7296913481
"37019",36252.8230441793
"37038",105449.613044093
"46014",405630.136966558
"42025",13155.7200489646
"33005",302470.147442477
"33019",418728.728127987
"39022",128813.864052146
"39023",3285.49424115261
"65008",36120.9877880365
"76003",787423.503371002
"37033",3468.17429659474
"38012",8502.10065282321
"45005",360746.586146633
"84022",209805.859215867
"53025",104871.502556268
"69001",1243899.87295011
"48801",34457.0775763843
"57014",197335.081723315
"58007",129737.039746178
"71004",562192.780008175
"73012",535032.695130126
"84024",51818.6595874803
"55032",314335.015572214
"60008",140482.75005247
"50009",38529.6817087076
"54002",1855756.02863106
"60005",134723.340466538
"51001",98602.8546447417
"52010",159038.304768459
"49002",39714.9047520454
"55006",314335.015572214
"67010",55914.0884690828
"66002",392078.193457372
"55027",7480.73780018092
"55028",69385.7107111176
"56015",200166.700618283
"54010",290408.830327187
"84027",134451.374649043
"67005",168344.768882006
"3002",480410.959176713
"3004",445753.13855356
"8016",76387.240359783
"12007",482652.549932055
"4001",1857495.30676547
"13010",67104.2250893222
"8002",1795679.85549241
"8004",905539.392478417
"8007",775836.082455548
"8009",442992.218216247
"14005",63007.2277791316
"12006",245495.814650105
"13008",885384.808874924
"13003",878637.640882487
"9007",147020.407602748
"15006",8735620.46822779
"10003",789610.329279029
"12005",154617.782002712
"15032",47515.7502798628
"15039",322229.354456128
"15004",47549.7667048589
"17003",127975.473860375
"15011",861637.526146265
"15014",219486.209027337
"15015",174934.52980667
"15024",811801.515868063
"15029",62354.3705707714
"17012",58319.0082304289
"21012",659313.793301673
"18003",1560240.42342553
"18023",6889.78427291494
"23004",2035073.42786768
"20003",165553.138645423
"20006",75730.7277398382
"44008",513.432552988594
"44009",2163.77975631373
"46005",45115.0274689516
"41004",538323.799609914
"41005",256170.661881209
"47002",398638.724754093
"47005",221735.974043335
"33027",150174.335767711
"37028",8608.55956541261
"37029",5032.74767657856
"33070",78001.5752894203
"35013",149683.897071698
"44002",66072.3812971512
"36009",26123.3529145658
"44012",6551.55272107704
"41019",233924.168925465
"43001",529468.311379435
"39141",556136.402134009
"43006",91190.6724833876
"43009",535228.783121853
"43011",9398.43202270797
"39072",4727686.28941789
"56002",372053.058560592
"56005",193743.397424773
"28018",1149151.53771372
"28025",169795.098316586
"28026",348607.972525021
"28045",103387.445168386
"34019",324677.292096513
"27080",1055958.57342562
"28060",36364.1571162399
"31023",6517.1497645992
"30001",278247.065408152
"29003",31642.9984946064
"30014",25788.9496856801
"46002",686760.571050253
"43029",9557.93199691441
"31007",346221.113868369
"31008",144100.872756833
"32006",171795.407919016
"32007",193597.706176989
"48001",61875.5593341205
"69025",799393.30902439
"54041",168428.024652858
"39122",140320.36063143
"39101",4079.62847985425
"39075",17339.1010738781
"39102",5792.91433233382
"33055",87210.7713988602
"39037",29020.6054094409
"42003",165801.162578338
"38021",55022.484321799
"39091",746.203697015329
"40003",1568814.81584597
"39143",38766.644845962
"67009",122282.783780549
"84016",77990.851787299
"55016",686768.211945175
"71015",84998.7417212342
"48008",32219.0544591156
"107001",42370.9456198442
"63001",363504.811201227
"53005",113435.689175822
"27094",178439.898092525
"61002",340272.046076011
"54054",410387.634482279
"72011",719212.668786645
"57002",124150.167489508
"27095",67593.2341278901
"95005",213135.089809087
"96001",343470.284074806
"53013",96745.5968363767
"76009",270392.237043589
"67017",200043.870584415
"48004",26826.4366993952
"206006",0
"236007",0
"91002",3599274.63768584
"92001",822902.06414594
"95001",246445.691987039
"101003",3055.52527670151
"67018",233180.138342431
"55020",19701.3388100544
"83003",381198.247394912
"83004",410251.625467305
"83006",1060802.43203533
"78005",552116.463107426
"33025",16722.0361278514
"84006",146216.354458454
"84007",162082.07840516
"48007",28247.4623835158
"54097",5404.06371251278
"72003",261214.76619063
"203020",0
"206004",0
"79002",1934428.633385
"203028",0
"203029",0
"203033",0
"15046",36470.3645129899
"28102",199721.578581687
"15030",315873.141367385
"84005",3030256.89637728
"67028",50613.9999925669
"22008",58078.2421567301
"22003",52567.5963756559
"21002",87497.7881636163
"23013",276873.128001368
"27009",5549899.31411451
"25008",1798666.39732715
"23022",537438.885183607
"24002",107748.145403946
"24005",219914.630626865
"27058",61763.0877401376
"26011",126023.159241843
"27071",2090062.22785807
"27089",1497780.32843769
"25019",46334.9302056539
"26012",149385.626804418
"27086",230144.96786857
"27026",192411.447798735
"27029",773395.162685149
"28083",178873.107653864
"28116",61611.8821904028
"28039",25036.4877040031
"27074",30976.4663020532
"47011",128064.989915175
"33034",674418.18919265
"33039",1584037.57987728
"52003",110961.899393334
"34006",434377.721858417
"44003",50367.820738287
"36015",461405.904216326
"39012",36107.9430762618
"39017",20154.8328943219
"71011",327066.117916821
"39135",10733.750505588
"42020",30456.7061863143
"38018",60526.6479773981
"39071",5314.86432093131
"37003",61771.1768690054
"39090",141244.003618569
"37007",160102.28344171
"37009",56106.8951430006
"37021",33823.8557623939
"46013",192615.369298869
"33006",257856.201442401
"33020",373726.264099177
"33064",6703.89350355491
"48011",194527.780503736
"45003",375838.1488544
"76002",2187271.33325235
"58001",397306.673980686
"37022",37936.3214947792
"84018",1769058.37162869
"84019",190378.706568204
"78001",1642390.06467082
"54016",223205.35187741
"60010",2197776.77891552
"54058",9696.08756460074
"54090",2735.85187300636
"57007",489134.742212293
"75017",166984.261281727
"60006",233122.480507353
"50008",129360.996572985
"55003",867449.600219792
"52005",304112.914134211
"52006",251675.572082729
"54044",94070.4223752572
"54019",299867.314436721
"55009",696118.019936864
"55014",224804.038997334
"73008",177952.174861163
"72006",1551393.08925885
