"id","length_A","gradient_parallel"
"4010",37504.2942512425,0.0587638557792252
"4004",206373.786934466,0.0483706551721968
"4007",175325.355925215,0.0505346940180663
"2002",256902.108983584,0.022465020597862
"5003",291753.810420957,0.0657792040570703
"8013",137871.910860823,0.0397577280822173
"6006",20279.6742108173,0.0518460321680376
"7002",499700.71574445,0.029512226830419
"7005",91488.1947904714,0.0148840631078297
"13012",91645.0383687052,0.0660581729976992
"13009",77408.8529152124,0.0382041862589109
"9004",111028.636901302,0.0211573280371784
"13002",102188.389285734,0.0162075945702151
"11006",64850.4227451605,0.0269920759861728
"15003",2031205.82319192,0.0514097046000012
"17004",114724.271956089,0.0112931293030156
"17005",204117.224460407,0.0117631355007548
"15025",266108.993391858,0.0359984105536218
"15027",17341.2687110572,0.0161460179032422
"15038",209765.118454184,0.0266561656812069
"21005",269767.173875522,0.0307141638117448
"21001",15241.9803980568,0.03223315278317
"21024",99429.630837127,0.0228546052732235
"54027",111928.274927908,0.0150614526610721
"54028",617602.760415344,0.0299973817451876
"67001",253602.487364863,0.0450841772337489
"57005",470704.344842253,0.0623062694070776
"39003",13997.5483226179,0.00288977619228954
"39004",327.024638093389,0.00659598496565931
"40015",1243.03937898459,0.00518903659424532
"43028",1030.36777110594,0.002360560438244
"37034",47693.5717807998,0.00620930786351305
"39146",1159.92748264558,0.00524865580246105
"39042",35994.9176108543,0.00316625030063115
"39111",4160177.47461226,0.0036219506698301
"38001",469297.471444663,0.00503864063685934
"47022",10705.7207104407,0.041965747547777
"38011",9708.98092015442,0.00261369379028871
"43022",96517.6096261759,0.00358170018278395
"43019",13357.1660301553,0.00514756149432875
"39057",29773.0242886604,0.000908051641491006
"28014",376242.476951274,0.00373141260298039
"28022",5081081.09838291,0.00906273083432874
"28023",37823.6891291991,0.015562747925154
"28033",6327.72954839885,0.0256362536103294
"39056",34089.5395161969,0.0076572107733507
"40029",27924.2929404007,0.00970818913597543
"28113",8939.18694911338,0.00986427283425852
"30005",43534.4437882945,0.00526164211438687
"32010",770177.438303582,0.00438082441628016
"45008",75620.3350669579,0.0191907640200901
"32008",54991.2355053225,0.00348007750683429
"33068",NA,NA
"38032",743954.303540603,0.00507132800123671
"39035",65073.6850167147,0.00606413496361817
"39077",10599.3196327552,0.00307921055182913
"39088",20520.3024037753,0.00346408430180788
"39038",269490.899125694,0.00317575894729005
"39052",22848.2553453085,0.0041862099979994
"54036",50445.3287405823,0.0118510732897855
"40011",159691.093186251,0.00407607848381783
"40012",53126.5167105876,0.00569301265798102
"38022",24756.2791129465,0.00425562077153692
"58009",64847.9843174265,0.0224629165698799
"59002",47275.9743138547,0.0277778372088478
"53022",890412.720244134,0.00636283056614902
"38033",14006.9700391702,0.00198213479338026
"60004",32111.2775459444,0.0238791220471202
"54057",6397271.04068432,0.012452196412471
"84020",44748.9121559151,0.0432565651715475
"75002",610782.131387779,0.0502689813727803
"49005",8820.96128399182,0.0137315051544613
"96006",73472.4900859329,0.0206936037124007
"50013",10386.7233587302,0.0330278210967914
"76004",131014.285182717,0.0478688439403963
"76011",1124.62150359402,0.0156966215305663
"48003",67828.09866725,0.0120342911891919
"81003",128572.640744719,0.021027534837439
"81004",255454.607210322,0.00714582690419106
"91802",4678.75756803207,0.0916672077958309
"101002",18283.3043457001,0.00669711365366856
"84009",50093.9340700494,0.0194852914210118
"63003",35946.0304032701,0.0280872341001222
"202001",NA,NA
"83002",102690.575898923,0.0432729493551047
"69004",78760.9155303537,0.0775816265176148
"52026",1544.90137581784,0.0219646163025804
"80002",632309.736692843,0.0242207435186562
"55004",50976.3585855513,0.0320998566790842
"73016",29250.198638008,0.0918889526743296
"89009",7349.65779616512,0.110400497870015
"54098",13328.5081098263,0.00788822514554682
"31026",NA,NA
"203011",NA,NA
"203021",NA,NA
"203022",NA,NA
"205003",NA,NA
"82001",180628.492389385,0.0268674679710419
"203049",NA,NA
"79007",100230.099607192,0.0118827944935838
"18011",776212.229783213,0.0374327838212768
"205011",NA,NA
"83009",180857.779000735,0.0328631741010998
"203043",NA,NA
"81006",90989.8310575495,0.0451218766115963
"80003",3563.59670900009,0.077009916585473
"42029",209912.153344219,0.00279252069350817
"21021",2252304.80310267,0.0259936896233189
"19017",28327.3145095885,0.0130028370185161
"19021",133634.89166018,0.0200111963937003
"26007",7123.41443602228,0.00106039164784329
"21032",153026.901670673,0.0398201306869872
"27008",898117.667819128,0.0245736444986299
"25009",1013595.5753431,0.0280902300902219
"24006",28431.5245065077,0.0549962165271886
"26004",38012.0745304652,0.0027932426331517
"27072",67666.4680168523,0.0383577347014413
"27068",37842.0593060312,0.0393023647798985
"27056",39414.4866108319,0.0142542257846599
"27018",9597.27259936979,0.0496801700884826
"27031",201968.906413954,0.0427192700711809
"27038",1730.88587009516,0.00127014848270673
"27003",1505275.19565189,0.0284099787367549
"28079",35801.8606216039,0.00319486758263335
"28080",511724.02592125,0.00406729152157849
"28046",35257.0761936569,0.0103562747371214
"28059",7214.30747906997,0.00571579336995801
"28001",136355.533263569,0.0711026284927753
"28004",511424.154633474,0.00407290523718204
"28008",233115.63376402,0.0155691670925915
"28010",588700.643182039,0.0338731525577537
"39134",6303.60078654433,0.0102053825310708
"42006",27801.4827023229,0.00394039553729996
"41034",NA,NA
"54115",53290.0579125166,0.00322756971688868
"41021",4221.35325272285,0.00321275458742026
"39009",3624166.60124382,0.00361866864546208
"39010",205197.854724564,0.00425540680303569
"39011",171260.292411166,0.00642025243927499
"39097",528039.77505817,0.00342799745141871
"34001",133554.230837983,0.00339057582561696
"71014",133532.030753238,0.0179234499805444
"74005",105050.142916887,0.038726525006672
"40021",21965.4603678043,0.0100298037744398
"33045",17569.1834100259,0.0038511224708013
"45001",480088.934376897,0.0198491521122294
"39016",390128.689813274,0.00426449738972426
"37010",110760.184215466,0.00451558717412154
"39032",9549.11793593601,0.00230504281797889
"37026",8123.53946480126,0.00299555169367529
"33013",76940.7987445306,0.00265109309333771
"37016",27878.8540641642,0.00480530192705907
"39114",2738.91974765301,0.00250089427970242
"54023",61875.9790995661,0.00755670815006076
"67023",8065.44432915299,0.00787470202369711
"41026",29769.0259971176,0.0112518587058881
"84025",81260.9651888603,0.00746244400849188
"53024",9825.15299066327,0.00295238402273961
"101005",16003.9248126159,0.0138034201880033
"54061",2209.6500005118,0.0128798037162283
"53006",84687.2952713809,0.00441760514220627
"54089",1546524.38104288,0.00455913655341628
"57015",86923.0412525253,0.0499058065963418
"64004",104081.450380472,0.0541687322108316
"56019",60544.1091691835,0.0476425685214863
"72005",223984.386353067,0.0452751169421881
"201007",NA,NA
"69015",158469.103384431,0.0664463982587346
"54022",6660.99816361942,0.0524853793151903
"55005",115750.572213642,0.0249924202699512
"73010",255813.241028473,0.062063137504093
"76022",173388.471613521,0.0266461861516685
"55010",20307.2979757397,0.0358149120713263
"56011",71050.2450894288,0.0423421160496472
"6001",1298030.92856147,0.0501547466369162
"3003",220442.591588239,0.0333413520603326
"3005",396799.869910652,0.0260021036386226
"1001",165837.196732363,0.0129409525247514
"2001",301594.161376901,0.018339654811031
"6007",1319360.15776548,0.0496768534428439
"8001",1758263.37164025,0.0358535264641985
"7007",37648.2626723991,0.0293080465958336
"7008",88051.251166076,0.0309121226189089
"11001",777957.70370453,0.0176534504265571
"11004",115498.011500251,0.0146170707323908
"12002",1069863.09215404,0.0360769160135031
"12003",408988.336249656,0.0489569463647815
"15041",155650.14478093,0.0741009406129344
"16004",577767.452891462,0.0413694771334319
"18021",NA,NA
"15010",232808.834829069,0.0278797506641011
"15012",1018182.09400694,0.039546390296867
"19012",72284.7163344922,0.0219833093251253
"18014",27201.1445734837,0.0279307429541372
"18022",28743.8813135754,0.0475904076200311
"19001",321617.942213005,0.0120920851797614
"23001",1728169.02545695,0.0321328583207417
"23003",791231.665012708,0.0259585245904656
"20002",4732.5134707832,0.00123980021643104
"20004",14541.7065036325,0.00452431630986895
"54029",1005418.69987694,0.0157507625008722
"54026",19724.0841023445,0.00979570840516864
"76015",132874.980490796,0.0657739535087622
"37027",2715.97930498193,0.00430210464090428
"41002",11783.5284693309,0.012378755833478
"47006",171540.533866617,0.020551505101005
"41012",77897.0740583849,0.00588441315678062
"38007",5433.55477958011,0.0049348035682478
"33022",290948.900211857,0.00386658644605107
"33024",110324.539182273,0.00576327059463793
"39100",14585.7608376889,0.00234963538424662
"40013",28117.9995093805,0.00829086577031589
"39028",18209.9310509675,0.0029978338162468
"39110",49500.4692990585,0.00368274626951935
"39112",NA,NA
"35008",64173.4031570164,0.0058801332932395
"39119",1147.3442188562,0.00287028508601876
"47020",77415.9923899854,0.015970741503756
"43023",27285.8889733784,0.00329076958330226
"39138",430953.971526173,0.00394904623674437
"43017",50960.102726741,0.00236841472866326
"58003",65540.2249978537,0.0224629165698799
"43012",26820.7623774038,0.00423968760540943
"47015",172169.400063911,0.0317534158465248
"39129",887917.724970301,0.00332789488020009
"39131",62429.5272775979,0.00391720840075477
"39095",20654.5389123935,0.0071045205282584
"56004",442038.396934017,0.0360788251465078
"56006",167515.137393693,0.0383996227781346
"27075",79952.4855139966,0.0110576992127333
"28058",17306.2373963533,0.00973950051149886
"31011",12364.2667061044,0.005182271470812
"33002",798250.843419918,0.00432421075152239
"33004",173108.826138982,0.00392537140096637
"28066",71443.6259093963,0.00369332356684411
"30004",42902.0988051982,0.0071512738435032
"30006",21954.8103085228,0.00178087747504767
"39098",23616.8506940319,0.00484574516103678
"45012",187773.372141119,0.0117430263033552
"31005",210837.848547695,0.00462763366842082
"31028",36698.3740748883,0.00542000131412649
"69045",209630.578773437,0.00959250278632885
"54038",164821.642657361,0.0352993521853265
"67025",83458.3071427002,0.0173776145387452
"39120",5679.923309844,0.0055895480239747
"39093",48556.3758044469,0.0058900860303611
"42027",19190.6316153017,0.0026149407682623
"39123",31627.1100500309,0.00336434363965593
"41017",22355.1922125578,0.00781064536792201
"42005",6697.42909804025,0.00346690879344679
"34008",20210.8183556358,0.0029989317513344
"41018",50445.2905879709,0.00691892233524452
"67027",1261608.96287258,0.0290909486902112
"38014",12091.046960481,0.00263437040051266
"40004",152474.979063574,0.00883634747760767
"42008",8169.49336823556,0.00303282137924744
"67008",154693.221747947,0.0215531581704422
"70005",52461.7206734067,0.00368136355316357
"75001",36890.8826572041,0.112735013267459
"69012",61056.8170823095,0.0118153008594416
"88001",39056.1194194789,0.0288483367894694
"108001",13296.646066902,NA
"63002",139599.21676194,0.0322771846848169
"68002",86800.5606197491,0.00312206888056404
"68003",371948.756205643,0.0123802830151965
"55011",88774.8061310941,0.0201745075700996
"55012",201015.251511967,0.0249909420004846
"53017",20834.3760622753,0.0101914983540372
"69035",128521.263752281,0.0343948759821873
"72015",132641.693100038,0.0331176863602725
"55025",75919.6136672945,0.0271561212672129
"96005",37165.9120432734,0.0393442197902558
"66005",82846.1917313565,0.0321185156805432
"54067",47389.3205026167,0.00357858570911642
"72007",31696.0511500337,0.0271425886897319
"66006",145011.384631402,0.0303552447060629
"76005",498703.56563352,0.0328778810678967
"76010",69530.7888428709,0.00828300978076405
"50005",6648.09570621368,0.0360272637720782
"65006",85365.2489292543,0.0666698553437533
"236005",NA,NA
"75018",614340.562789355,0.0500708403889244
"203093",NA,NA
"64006",39555.8981138936,0.0332024174632116
"54066",3517.17761706097,0.00220370161617816
"49003",12514.655866826,0.00956682815050913
"106001",20933.0134949157,0.00613842416910377
"73014",58056.3324368828,0.0664320066950576
"54084",16113.1508364446,0.0208025925803634
"82003",257509.835138672,0.0304084067992317
"83007",45879.492406649,0.0100673971657777
"83008",96616.6144308223,0.0109280540564401
"90003",55601.7209599637,0.132375748715908
"56012",72143.8685050789,0.0812994447077932
"89008",3977.35327442318,0.120697417821189
"83012",9604.99417832483,0.0179570931411837
"73017",87181.5351395864,0.0605355198209469
"33023",44328.585395501,0.00519601383070147
"28017",194510.390118337,0.00361238398658193
"85002",175226.005175135,0.0264865311505793
"89004",35080.3951375508,0.0962622618634979
"39108",22171.3564953728,0.006666361332809
"203040",NA,NA
"81005",21945.5644078875,0.0128570935686343
"19007",269105.963437477,0.0207413950066495
"23002",86480.2491804072,0.0379691588335438
"27048",94598.7857131167,0.0153912155384688
"25001",780400.390546864,0.0345371974382197
"23012",71033.2017991743,0.0501758592325008
"25005",171158.214282448,0.0186316854043292
"23017",23103.1990615645,0.00904361459584744
"24001",485232.618201246,0.0398947029192008
"25022",25265.0348535013,0.0320177765573814
"25809",NA,NA
"25023",53169.0541799236,0.0354208993411943
"27069",108645.999916086,0.00261600846479109
"27013",25296.1709002922,0.0548730995777401
"27055",102247.413456394,0.0405661437815394
"27016",38828.7173001217,0.0464746738702912
"27017",31606.2444204618,0.0531443031701895
"27024",303485.146661004,0.0501918711187015
"27025",200448.986638202,0.0136203471395245
"27034",432985.880205179,0.0482988485795059
"28047",37784.3920515963,0.00522108331899754
"27043",304471.515621836,0.0463864546639989
"27061",80350.3850632582,0.0569521587133877
"28035",40172.4478329271,0.00859227036408723
"28038",40540.5416259953,0.0239744743368023
"28005",944614.835382036,0.00398469706218789
"28006",233946.164107622,0.00745299554848217
"28011",385706.413314043,0.044501863379691
"43025",13049.4476362574,0.00664057785926813
"42011",12160.4740562535,0.00561167976366725
"39115",10241.661679079,0.00680780931078971
"32029",1633.01049696096,0.00601215211392974
"57017",20091.3432663303,0.122883772990013
"39068",223896.498478544,0.00486935593766296
"33037",418663.35290547,0.00371782525992019
"42016",43056.9237471785,0.00322589728081172
"52002",29319.7749567935,0.0150230133744916
"71009",946632.594296509,0.0278636804589172
"42018",23025.3111081146,0.00570510865523506
"39076",130355.654467861,0.0057934821407596
"34007",59202.1571341337,0.00358163843752021
"39019",27358.1055852693,0.00261831137408418
"39020",38923.1330490538,0.0039580020695226
"37008",97728.5039464759,0.00546458827463038
"38030",67349.1332431699,0.00486984702692057
"84013",1390949.21824578,0.0169510790035971
"33032",3883.5367488218,0.00176840571718198
"45013",23683.2835845148,0.0161465034012869
"45816",4789.392355017,0.0187293070552095
"54114",606445.984441283,0.00338503204122564
"33015",170428.309594374,0.00427204897656593
"33016",373910.493812773,0.00451235468970738
"33018",57317.0643762191,0.0047387633501738
"58008",55278.4966564584,0.0579836390600168
"39118",218.561625479037,0.0017998527266708
"54113",61362.1611904653,0.00217442764045399
"69043",52321.5637305866,0.0111075814257528
"56013",47963.9273130632,0.0244672125970394
"54102",77676.5787998094,0.00385758046143672
"54045",39702.7942664183,0.00510946993081783
"52007",55446.3479178173,0.00881739845167829
"55033",2121.86527487518,0.0583463156816904
"58006",51038.7883192997,0.0550694674979295
"89003",195951.519023599,0.0662067813170307
"53007",166697.542567539,0.00912456370654795
"75004",112094.426378927,0.0587984730263447
"50012",43957.9107723253,0.0226373043045076
"57001",28925.3746099593,0.0540393044933819
"54018",119960.430073056,0.016655578684467
"72002",313073.729311108,0.0207792570014818
"31002",164680.047583581,0.00482176255940664
"42010",103783.654115067,0.00306243091218477
"201008",NA,NA
"55022",118111.809723467,0.0140995471680025
"65005",24364.7277053684,0.0206580629400387
"54046",25426.4250484098,0.0066009474658329
"50001",577374.565020552,0.0166701959774991
"55013",98216.2026871311,0.0218816273649562
"64001",409228.730961603,0.0564925257512605
"68020",85607.1915008432,0.00316850702548484
"54004",144935.522965425,0.00365690513374456
"54005",1666307.5263772,0.0242259204718903
"54008",762260.374862629,0.0165434260504475
"55018",88901.9834792524,0.00596597389098111
"53028",41913.4524126511,0.00862073084550767
"8017",9559.47127976237,0.0444685839929117
"8015",25837.64286214,0.034708725976104
"4003",137098.424816236,0.0436972187848779
"4008",27026.4158776167,0.0185301028565427
"3001",316791.863716047,0.0258819215982877
"8008",86245.8068853717,0.0449860516737995
"9006",42270.0593201089,0.0247049844313396
"7011",30656.8042763088,0.027067217545283
"9009",72269.7428166777,0.0149485548004988
"8021",30071.1673457108,0.0436647476614851
"9001",304889.017832725,0.0238754796249621
"9003",130262.035893812,0.0214023264376383
"12009",19365.2482624099,0.0258028869705737
"15008",102094.766585893,0.0166056464693156
"16002",100913.360508579,0.0579384394084092
"18017",4159.13608107024,0.0383051140617495
"17001",99698.9618501106,0.0247728818357886
"17002",325653.562381125,0.0146880528903752
"17016",10596.7579786065,0.0158836725872752
"21006",1049623.886858,0.0324301975497408
"21010",1439483.56805774,0.0295999932475361
"18005",172584.369947121,0.0243259419657973
"19010",14681.0173592498,0.0307277953648822
"23015",815019.366804561,0.0256011254312456
"22002",49507.8747331906,0.0269854982468118
"23014",20630.9639123024,0.031530478239334
"21027",108367.839006957,0.0115981273610687
"50011",57551.4723378502,0.0263018977141937
"47016",14089.9713645148,0.0261600232709987
"40025",29135.7520851149,0.00765594225729056
"41003",97982.3818467596,0.00591762736642361
"33028",64261.2576619449,0.00485883736696774
"36006",289355.11467278,0.00540365368297131
"36008",97167.5278876339,0.00552113622400792
"38026",24372.7026134126,0.00332600668363461
"38004",69490.8958325111,0.00732348057415861
"38005",40390.1649060912,0.00532070632308316
"44004",97037.6532211349,0.00705008580541475
"39043",55367.4484465019,0.0024361157020065
"41014",323355.756840795,0.00717511704720579
"43004",45577.1510519801,0.00244481299921971
"93002",81324.6945018676,0.0502455017539699
"202002",NA,NA
"36010",10918.4178750766,0.00658541229053891
"56001",790783.523287815,0.0426184769606504
"28016",123878.621343221,0.00428811071559618
"28019",2010855.88605485,0.00464202676415516
"28027",117863.609914659,0.00697040822614473
"28031",111288.456702289,0.0213875296502571
"28043",274800.381548939,0.0554320964368341
"28032",23675.0821158375,0.0083856261407669
"27077",26404.7587487806,0.0238364184442721
"39046",2023517.87756825,0.00363837818799184
"31025",14072.3686359068,0.00858162889096527
"33003",385904.928333169,0.00441315437979248
"28112",184953.437688673,0.0174960824651777
"30015",14988.6020046785,0.00831566886290873
"28103",3019.13835599233,0.00901571891483886
"28110",1138.1563896571,0.0175097375462806
"45010",26724.8025525402,0.0182171203456744
"45011",91731.0561972517,0.0224010020234703
"42012",25910.5463064692,0.00343684503353235
"41035",45537.6643578197,0.0104440567977493
"31006",69222.0904118462,0.00488937066138571
"84011",112205.706823496,0.0336604049920481
"69023",173883.166263205,0.0263151363914221
"69044",116340.603551423,0.0378631396292117
"37013",43828.2940901552,0.00410697568451062
"37011",37162.0675002467,0.00596883219822843
"38031",317263.43297104,0.00528855462484313
"33054",9818.22652577835,0.00322929934297165
"38028",9655.40092931021,0.00715785680653543
"38019",9609.79338350325,0.00263437040051266
"40005",194060.451262542,0.00435365796056485
"40008",142274.412729722,0.00442601325369744
"40010",162637.169389961,0.00762522250479961
"41024",15518.6544366513,0.0136646812778484
"58012",79510.1625649628,0.063824515295971
"49006",6669.45564534461,0.0154000641880845
"27096",128224.176634067,0.0496611741430325
"68006",154370.968343589,0.0219677106465687
"67003",10974.7036959176,0.0127028045722486
"65015",53982.4168789882,0.0569008681649027
"72817",31961.9012015688,0.00585483122146745
"62001",643151.202421699,0.0229412078973208
"68007",102341.518240355,0.00481418811313727
"54906",207523.556807849,0.00741470631198443
"54080",111711.608821433,0.0242476580838833
"54047",102497.695063132,0.00379040332589604
"72016",95093.6408307734,0.0433740062829588
"95006",53162.7047223828,0.0455721440458662
"74007",61190.5618677563,0.0668088822129965
"69011",52641.1868319346,0.0121019311691591
"69042",749.668822648016,0.0804641934242116
"92002",7502.1452458852,0.0752809230239563
"205105",NA,NA
"64010",66720.3838310955,0.0587284948729593
"92003",22104.3354286119,0.0905339184543125
"65004",62276.6231378634,0.0604361034908873
"74002",35119.049463428,0.090964630523196
"101004",39521.0007964625,0.00946027775490562
"89006",23844.8980429726,0.0288094466791016
"58011",32781.099290476,0.00998355991548803
"53020",10478.6390698335,0.00359128397637216
"54003",49941.6033331088,0.051257970190494
"69013",27631.8814455082,0.0013875182533043
"48009",15164.1955114078,0.0140040853104657
"75007",57050.9545986763,0.040972339947606
"54100",17473.1642789253,0.00149889336594019
"84001",309836.406702238,0.0189408716007032
"101001",37246.6203385897,0.00999585074286903
"73002",87168.6080990396,0.0567101401503049
"54099",14519.7963992954,0.00390182905276484
"84037",67598.8410593788,0.0233689876395115
"49008",9348.6545231687,0.0147143972002118
"79003",120045.784987797,0.0318842547567942
"203024",NA,NA
"33040",175.499492836988,0.00274847024457857
"27093",31289.6395707408,0.0194154794049401
"39866",3617333.20976982,0.00362622694987155
"19004",74268.6851411547,0.0222941070677385
"19005",213376.437776186,0.0140442689162312
"19006",96701.9989761038,0.0183838688410253
"19002",43041.4062466011,0.0107792415236643
"19008",107727.951929357,0.0212494123517866
"21029",26034.1334070813,0.0228241698425479
"22001",387087.086454628,0.0207455037841586
"24011",22120.8773650605,0.078048432599335
"25003",7991.30716352765,0.0340319779139108
"23033",133541.629501145,0.0326699629482579
"27014",491308.209302833,0.0238409564948018
"27060",86374.3052314678,0.00294937972871796
"27083",69999.0696072207,0.00352380248317428
"27085",158241.887250344,0.014526980871182
"27020",3514.0315833597,0.0110622361248749
"27028",565613.82208066,0.0263296622744797
"27032",20739.4669287248,0.0424100224044754
"27035",251896.698603578,0.0237956154881525
"27004",738279.5963999,0.0359373572733344
"28081",106050.478201852,0.00303303939468656
"28082",86757.6598493126,0.00400078755959663
"28093",581894.994587564,0.00503428552205082
"28095",914389.787082339,0.00404534169092472
"28048",66010.4357993475,0.0101051210755297
"28117",412522.045478771,0.0431294247441126
"28052",64687.2034339925,0.00291397146483953
"28072",18487.988524611,0.00329454870446129
"27051",5722.5426743339,0.0167586816346774
"30011",20601.2230778251,0.00398915213844906
"28037",197020.778195279,0.0664776843763765
"28002",104010.485604497,0.00561265053351842
"44006",1665.36482026023,0.00843789136713941
"39069",103726.212238826,0.00473220082817101
"33044",146077.345249419,0.00290250261542586
"32031",34095.913594742,0.0029512479322738
"41030",27613.1402401541,0.00962463801408138
"37018",29128.2609971852,0.00825848637056265
"34003",87168.7052473115,0.00421626120748597
"34005",34494.4993741021,0.00351509016554658
"71008",254758.663745016,0.0371946937216653
"41022",34484.2895266081,0.012754687781711
"41028",16953.478340749,0.00595607781931461
"37006",124609.481032143,0.0051040428901017
"39013",101585.761633551,0.00438568154499988
"39014",19731.6986117846,0.00229138628103089
"39018",166215.945578988,0.00329113160468671
"39029",33339.6526341015,0.0093673168421205
"47025",9167.29516693848,0.0253531840949059
"34014",169983.756341726,0.00321672384203088
"84014",191019.115376903,0.0161658604433136
"75016",55539.1024218757,0.0633609392709939
"35001",141616.653869517,0.00506182402454296
"33012",79975.3470196383,0.00459747912697154
"33017",1618490.31448728,0.00408511330530729
"33065",1390.71731669698,0.00570367283230854
"40017",17692.4352614741,0.0133221194910451
"43013",14317.2130672739,0.00640731424697968
"48005",9897.98767200658,0.0123512136707049
"58002",200662.009979191,0.0594191390043448
"47014",40383.5257378643,0.0383820004096963
"54112",62174.1328106452,0.00415560262918447
"84030",94975.027770269,0.0198718386032443
"54106",86216.4607888395,0.0075841753966889
"56003",37975.395085429,0.0237828977883921
"56007",18634.5448425322,0.0678068477772141
"89002",38480.2286016597,0.0769105999677062
"54059",1678.0498166093,0.00534606184619981
"53008",119941.491744217,0.00351388239365941
"77002",375505.905873897,0.0277898468397418
"50003",4374.09422349,0.0301115621499912
"54017",162696.351450972,0.00616310192649046
"73009",36636.0368430675,0.0675523455535287
"57006",126157.028075642,0.0948909764680078
"57009",161430.459734606,0.0224705905287749
"72004",899512.87321392,0.0436409679585112
"50010",188276.191327714,0.00914395121300675
"69017",156748.600621802,0.0381157702889244
"52008",11453.9870496779,0.0318054540321537
"54050",182333.94497454,0.00327811658626379
"205020",NA,NA
"54020",119820.521375346,0.00373368591105574
"68018",146546.974135936,0.0226390286737047
"48010",30765.6588154415,0.0201939901098859
"55029",276307.302413178,0.0329525255936101
"54011",112122.269315622,0.00648809596659647
"53029",37662.2807098308,0.00391028671024595
"67006",157514.053663228,0.0355090947579047
"5004",186108.876146675,0.0644266548954097
"4006",83487.8269888669,0.0464535565365702
"5001",527169.462452142,0.0664385587532725
"6009",273419.527280401,0.0579841246947714
"7001",260790.597386269,0.0354955689458475
"8010",1149358.94624027,0.0371334022201315
"13007",508474.793399165,0.0280413685347105
"9010",166387.729456849,0.0276435607191767
"13005",76436.1165066815,0.00948168648059921
"15005",17455.9934445686,0.0095807970348028
"11005",118559.949155076,0.026906547594974
"12001",792625.026074737,0.0408053113240199
"16003",84501.8840451272,0.0518376473150289
"15002",12329.4876991029,0.0220144780701745
"18020",NA,NA
"15016",431300.811796467,0.0776734215929413
"15017",122913.482096312,0.034262903752199
"15018",110885.746510842,0.0817740699823528
"15021",41044.708214333,0.0178036085655234
"21008",755719.433660637,0.0203920627910876
"21009",2916936.71120607,0.02516278712258
"18007",42925.907675665,0.0358933223358578
"18010",310276.897721052,0.0240906992807587
"22007",201137.096794088,0.0125744193248648
"24009",689625.436840899,0.0318653023694662
"42024",76143.3085025948,0.00242868347792201
"39006",177389.241096715,0.00466121121826715
"39007",237214.734902246,0.00487542989818868
"40016",20940.9826507631,0.00680798863462926
"40018",39899.6893911016,0.00674144174367174
"41011",101694.66623902,0.00606121337714589
"54043",4660070.85331679,0.0153950337520232
"39144",44585.8412859692,0.00490493508113399
"39145",2869.69633825303,0.00229475918223713
"39147",NA,NA
"33049",17736.8173040331,0.00271900656089227
"39058",14431.8499035988,0.0065051405109758
"39061",NA,NA
"33029",24305.0926308689,0.00197756276463383
"42017",12358.3680401776,0.0077347463296954
"43018",29854.1622179995,0.0023114994528394
"69048",46611.1457284955,0.0407114558874645
"67015",813025.964466554,0.0386406144286245
"39085",13735.7487163753,0.00288977619228954
"36005",65055.4932195259,0.00414052435432141
"39027",41374.402431437,0.00451295231743097
"38003",18420.4949868793,0.00275561408134816
"32016",NA,NA
"44001",223310.152436715,0.00527691158198617
"33062",442.70779789556,0.00153280027359626
"43005",118520.893643787,0.00265612990973284
"43008",91519.319554205,0.00263567476227328
"93001",111150.733112205,0.0737494345613647
"39128",75638.0161029659,0.00437189498503204
"39073",38140.9308142263,0.00747259247489542
"38025",24701.6463554949,0.00425562077153692
"36011",16041.3160932001,0.00755487091544364
"28029",31849.3214434682,0.00517454503150765
"28030",4078.7356678818,0.0142603450579711
"31013",18743.9257265581,0.00417524637283033
"27081",10635.8785433043,0.00777935619316818
"31010",40830.8695996777,0.00562085547225121
"30018",5083.56902467116,0.0019896485659357
"28067",656268.469323958,0.0307729147186251
"31024",9752.15374655549,0.00872740618376554
"29001",31056.3358803742,0.00517440862078387
"30013",6984.59422684339,0.00571243403634145
"35011",23541.0929715404,0.00499917552819623
"45007",964132.432112917,0.0156017372115296
"32002",42448.655983067,0.00455959520526514
"32004",91189.5657936364,0.00471904388913081
"41023",7294.24225074932,0.00352664514526229
"84015",233494.565704474,0.0201623668639186
"69027",156205.04291198,0.0337478219360696
"42014",56091.8246042835,0.00598765569692294
"52001",2639.1595935909,0.00735074781368263
"39039",2434.85636492198,0.00390698895390638
"38017",1456.53958076296,0.00301414874830113
"39104",292471.029658987,0.00470666291357521
"39084",18180.6120877791,0.00657001935774738
"39086",24300.0100610501,0.00628079868007801
"33046",80648.2268804562,0.00313771165316045
"41037",NA,NA
"54091",1972.98524440358,0.0616469568731244
"76019",28018.0273386218,0.0125056880478921
"55015",13967.6341294538,0.0582413246541593
"53001",339383.872610131,0.00455645002269357
"61003",23412.5305803573,0.0578564796871995
"68004",67368.7669939508,0.00587350921979976
"69033",65350.8274503207,0.00213379514269706
"69047",23051.191055933,0.0315363872660673
"48012",42056.5930292644,0.0119951204675854
"69037",1751776.94948063,0.0241196643342391
"70002",159176.51371549,0.0128560489413615
"70003",66019.663173935,0.0208716412107865
"84023",26400.3801183914,0.00337461318030338
"73005",223975.379634394,0.0511853487098147
"76007",1661537.03442799,0.0299174562354508
"49004",19892.6241682544,0.00995950960325877
"66004",27923.0937800445,0.0234511327448953
"95002",83435.4858979261,0.0647058232646095
"203092",NA,NA
"84033",109829.897900521,0.0195668719502877
"52025",19805.5903999871,0.0163637655535533
"92004",72399.7532701111,0.0466573627319627
"69020",38894.122588387,0.0131653815955429
"67029",6336.86650469803,0.0447501420585104
"75006",28085.8803397815,0.0432881835130701
"78004",69445.711893894,0.0230950663744259
"81001",8497.0514227674,0.00748681586265163
"66012",59333.9557272587,0.0547254479698157
"53019",28484.8288181198,0.00314860015892188
"84031",4096.96606281447,0.0183313859949362
"82002",200440.637743035,0.0215252980871911
"52016",12823.5899156491,0.0202332829966119
"76001",26726.7646736672,0.0778449371791355
"89005",36134.066209622,0.0801261418353747
"65001",63294.3550275622,0.084105416389082
"67013",24352.7091114796,0.0454219483512288
"68011",19677.1218636416,0.00215784986272686
"54048",44688.0785721267,0.00464439321517168
"53023",18591.9932293941,0.00348551668756182
"76020",63713.0602853722,0.00848934561058918
"203017",NA,NA
"203019",NA,NA
"203097",NA,NA
"204001",NA,NA
"79006",387936.132339105,0.0369574049938186
"203025",NA,NA
"84004",510391.59371534,0.0175828960506069
"80005",1341.34207198912,0.0879899870037563
"77004",61620.3475330118,0.0172571514084258
"79001",5352.57175218902,0.031096991194365
"42030",7194.144453404,0.00485204201946416
"43027",458.059952638737,0.00251943009249846
"60017",49783.1944860279,0.0384901277475001
"21016",73996.7402987857,0.0158406575531637
"21022",334874.945116605,0.0149215962413141
"21026",22750.7122650355,0.0250648520397985
"21034",87200.8732756919,0.0555096425310974
"21019",47876.9904459877,0.0529870870241427
"26008",17284.0689169987,0.00684251061852801
"26009",15069.8865402519,0.001734024697369
"25004",109689.201085297,0.00460522428193227
"25006",93134.6929790635,0.0253245897683412
"25011",7935.50176460216,0.0522125464544554
"23018",2981.79678366225,0.0045526437559493
"25029",163223.9833342,0.0190792401546278
"25810",NA,NA
"27090",405641.502645098,0.0439372239819122
"25020",66568.1390977869,0.00461813525194378
"25012",24948.187368996,0.0531705494488475
"27092",263302.679684383,0.0356353204229545
"27057",93909.4058952786,0.0323264540794514
"27015",1120456.77927406,0.0144952687576336
"27087",308965.839447061,0.00719371325606646
"28091",117930.402518874,0.00442114031646972
"28050",57167.5894170567,0.00307442201972898
"28040",49186.4138189293,0.00990652949597094
"28003",260437.31364236,0.00407744700935035
"41033",66.2974885470211,0.0132626659579158
"45002",305139.782431537,0.0201836182395923
"39116",2800.74977651118,0.00117600688031367
"41020",26618.3399410168,0.00565267806455662
"33033",45866.5420137462,0.00373671248963125
"36001",403686.660225591,0.00512373340961051
"39074",27092.2819191462,0.00283698315539902
"46006",30283.9905618719,0.0291515778094502
"38002",37350.5008203942,0.00541474697085751
"39079",550826.733506862,0.00567821418407742
"37001",167199.934568426,0.00547346020224724
"37017",63739.2758546857,0.00446122643532666
"41015",4729.79324352223,0.00414701889859668
"69022",84670.3902217542,0.0379591778196521
"45817",NA,NA
"33014",100123.672176158,0.00404358797531401
"40014",1897.817854141,0.000791571405781771
"54013",34736.665857272,0.0164091732141647
"54014",457392.104712445,0.0306896601950221
"54015",97570.0727174222,0.00347399005517056
"54092",2669.52492988772,0.0679631924925092
"54012",465365.313740243,0.00330544922302989
"69019",16800.5778482582,0.00464788548436084
"55034",2064.74623320038,0.0460929589120514
"54107",64572.2886577988,0.00863145965933783
"53018",859907.578814776,0.00607967485973458
"54088",83613.1586770466,0.00957003801419513
"71001",1040403.69643354,0.0269999007578062
"75005",223627.34621744,0.0742963205499449
"55026",121051.45535993,0.0242769283961563
"57008",194605.521637985,0.0398501463682823
"60007",127684.8283167,0.0301308772073322
"84017",111845.022146811,0.0312500570001797
"52009",32730.566825739,0.0142181893574912
"69006",210974.443004816,0.00864263620734142
"69032",48936.0232762175,0.00388444234246875
"101007",7311.64699851337,0.00807035499163141
"66001",310587.646219686,0.0289365609558448
"72008",127177.738789294,0.0288780724666385
"205015",NA,NA
"84026",25661.64042292,0.0213363616917093
"54006",208239.711386648,0.00739344179047946
"54007",197101.507314059,0.00579947341497493
"101006",9765.31337749416,0.011248194993174
"12008",128239.856778305,0.0298617826580134
"4005",72970.7211208843,0.0567878174300028
"4011",29853.1036314351,0.0605751146637766
"7009",26340.0611270031,0.0185483649886539
"7006",15280.0346926316,0.0158063284475817
"6011",55811.9797760228,0.0580384360366581
"7003",174363.092735833,0.0205372028413045
"8003",397288.158698712,0.0453552505482921
"8005",839686.801082528,0.0418330782740487
"9005",45257.3631632728,0.020179505995577
"14006",16797.259966902,0.0135119250583195
"10002",265458.158651607,0.00951965852672007
"14009",17558.8067336292,0.0181661508550442
"14010",9641.85206868086,0.00675491350048349
"19011",124863.157477776,0.022128137191445
"21023",54617.1465254889,0.0054095161158495
"23005",184795.326017993,0.0289374586860951
"23006",266169.902969206,0.0540370317489774
"39033",668.393390430801,0.00835340450752843
"76017",1033406.23651789,0.0369439875657724
"39001",5265208.90786243,0.00393176498035364
"39002",2054461.04793548,0.00363027612168919
"40027",14386.7765817531,0.00730717153768443
"47004",97036.2919188324,0.0210698948806393
"41010",73333.8803550938,0.00416226338287213
"33050",34658.2585842807,0.00646649537265106
"36007",25204.1328177215,0.00500425044876656
"37031",34885.1457900327,0.00654533706909536
"41025",85417.5838057647,0.00714834284051809
"69803",115488.049264686,0.0297842489114042
"32020",17740.00053411,0.00799245963138625
"33058",123505.269663112,0.00376291798023698
"39036",5846.81708037097,0.00972771869274914
"39030",35590.9762412169,0.00286454330823447
"39113",NA,NA
"38029",24948.25893199,0.00746755711426805
"36012",30782.5486086403,0.00577936675086807
"35010",131662.803141733,0.00516803968995837
"43003",517046.431823938,0.00329100429763809
"43014",32966.0318420881,0.00276815436156612
"47010",58821.4095628175,0.00672931044335892
"39127",4833.96795339691,0.00426704012983772
"28015",239363.710987715,0.00356319774333174
"28020",199553.061260962,0.0173916437933607
"28021",653836.251507991,0.03104348483845
"28024",205273.992480759,0.00538720885743785
"28055",29567.7760629233,0.0132665689546838
"30033",35173.7397912211,0.0032921374718162
"33001",1722950.61766804,0.00407307766572363
"29009",9594.53256103987,0.00245402186877322
"30003",91583.9318929956,0.00466842959164307
"42009",8770.39612106299,0.00296380320227454
"39121",4881655.77667827,0.00389068905706387
"31009",68938.3916019409,0.00560960675173148
"32003",29422.7852552686,0.00501763769619313
"69024",135048.17476173,0.0319520619282543
"69028",509984.265060261,0.0435619819400358
"69030",91445.8960224659,0.00542916240094525
"39094",46960.6420300613,0.00123166266728173
"37014",48067.5178628229,0.00373356232409189
"54032",4661174.06814669,0.0153868597178727
"39034",224031.331540956,0.00595627988258032
"71002",34251.0636883048,0.039655656934969
"39105",317034.697021386,0.00323595233175716
"39106",245956.200810276,0.00499385281991079
"33048",4923.51970596647,0.0026049526042746
"42004",255684.67368717,0.00307541330309575
"33066",25758.9825812813,0.00816127705431115
"38015",8251.16903940386,0.000442850395361396
"40002",6201.16366772973,0.0125956720073936
"40020",40338.1267271107,0.0119853601771545
"52015",13424.7035051074,0.00844518794708585
"54065",125826.979678707,0.00181303671684994
"72017",183696.759289246,0.0353415619135323
"53004",76206.6641389419,0.0130090128721985
"69041",127192.03694965,0.0378798662186764
"54907",197101.507314059,0.00579947341497493
"54052",14652.5407491031,0.00281447157523667
"54053",95781.2211710779,0.0102744178983507
"54070",10519.5352497995,0.00327934696168635
"58010",8079.5526243331,0.0365247816008171
"75003",356436.28736808,0.0603235964097282
"203046",NA,NA
"205101",NA,NA
"96002",295694.920968678,0.0225455225878755
"96004",62875.7272146648,0.0357129158173126
"97002",303137.122915758,0.0110748488585677
"55031",19284.3161433886,0.00739433110214567
"205034",NA,NA
"206001",NA,NA
"84008",45792.1276183353,0.0152619400584902
"105001",60660.68692323,0.0203269945746218
"55017",19773.1947126996,0.0239611956599155
"80006",10351.724463922,0.0430781829133923
"56014",17656.1808087985,0.0274782009875615
"69039",36075.6379268147,0.0143905334140789
"76023",28821.4430355103,0.0193982958609696
"84035",9836.79684243978,0.0134098147758313
"69003",53306.5602266988,0.0111075814257528
"89007",19300.1652788353,0.0557924440184482
"53026",44262.5952006298,0.00380490340645089
"83011",49148.0861792526,0.0275727775085178
"57010",48169.5159836558,0.03669513936711
"76014",54809.2294314788,0.0522045911637636
"74003",33617.6348186639,0.0707490042696636
"69008",51247.5963652091,0.0131524847599333
"203012",NA,NA
"86001",27050.9298454073,0.0641703055690178
"95003",15698.6742138113,0.0382679110930255
"49007",99272.4575499846,0.0201548378916174
"79004",105222.864846076,0.0344346798411321
"80001",179714.435880528,0.0186630552896977
"205005",NA,NA
"203026",NA,NA
"38027",145993.566979293,0.00448580468981943
"83010",60274.1844426263,0.0255199315022917
"203039",NA,NA
"84002",13877.8739119756,0.038040563122285
"80004",318.72557662653,0.0137047598715966
"21015",164445.46938545,0.0205225376521772
"21018",127688.895115429,0.0201936292858366
"19020",30410.5894332768,0.011714853396635
"20001",184049.812459408,0.0172576651328976
"24007",28722.665992971,0.0205071961326784
"23009",88660.7576676814,0.058751564538025
"23010",61985.6411704109,0.0264394685029257
"21031",471106.939947715,0.0286651219764492
"27050",244375.78656572,0.0355624768533137
"27007",699060.931990265,0.0382384381003891
"25007",54416.4379617722,0.0131746390755249
"24003",145428.068026132,0.0606105996876612
"26005",34668.1494695841,0.0027932426331517
"27059",63078.7289120924,0.0249359893794243
"26010",8035.15626326491,0.001659276307349
"25021",30897.2484800107,0.00361556493677137
"26016",2777.51990737036,0.00386996588260383
"27091",52154.1031844579,0.0112314737507854
"27022",524174.508773485,0.0236336161968796
"27027",318722.78342353,0.0466728200632759
"27030",186384.955870823,0.0104100196726914
"27002",570457.834591689,0.0376872704172135
"28085",587876.272486542,0.0340291474696035
"28074",698015.894488499,0.0052244777308593
"28070",4030.82305101404,0.0393309971582518
"27073",3912.93759292869,0.000555289420952566
"27076",53891.4080186872,0.00532759262296477
"30012",22009.3567180832,0.00482713622527405
"71006",356878.073497676,0.0242236668769394
"71003",8368.88764915532,0.0417651087279398
"47009",27170.1957623425,0.0197914033522127
"39065",NA,NA
"41029",26391.3894035812,0.00516600504177881
"39008",912640.297487933,0.00335814572581491
"34002",71000.714082866,0.00461733769216385
"40006",25888.1964922471,0.00822334896194244
"36013",85037.0137359389,0.00429044033899924
"71005",10393.6304328468,0.0271017618587664
"39024",22695.527393367,0.00628079868007801
"39081",159870.161551708,0.003267913141838
"37005",119215.811911812,0.0052517819921399
"34010",90202.5237938782,0.0034249977023154
"34011",48852.2844877939,0.0020103922296747
"41006",55476.0758596037,0.00883583262297695
"37025",14934.1979165532,0.00459766054417459
"39044",75267.1302382774,0.00588890425313266
"37023",143648.293811995,0.00504819257942123
"84012",229252.711490131,0.0183441935794997
"41016",17664.4926156562,0.0128844899778925
"54024",113927.056620751,0.00588322747725829
"33011",56791.891206288,0.00240123212882397
"44013",9461.13054352857,0.00674673156574241
"39005",11422.1845417815,0.00764661568632832
"42001",37235.0491890104,0.0051150839857113
"39142",24522.5192929198,0.00718216804244221
"42007",6604.86697089328,0.00607562511681957
"52014",43067.754468556,0.021199952553298
"54110",6382584.21520955,0.0124782244566745
"54111",152089.40310396,0.00353990629105101
"60012",13453.9155575104,0.0233546644628679
"69046",37818.6640449665,0.0374211175340035
"26013",5495.69641621411,0.0021203064303833
"48803",7303.24675940728,0.0120524097797337
"106002",8774.17009251167,0.0459967853948288
"65014",6494.20033874681,0.0827286324342434
"54060",6854.05812649365,0.00248707837921177
"75009",137346.427671138,0.0623794476955917
"201006",NA,NA
"64002",66420.9577321587,0.0800257546359896
"52011",42335.2108834628,0.00267972972970915
"49001",145952.955060971,0.0200865864083976
"68005",142458.512726524,0.00352008109324006
"84003",755679.014897906,0.0174779410084295
"55007",946232.902084151,0.0239724067467469
"60003",195208.821169799,0.0203708918243809
"70004",88742.2019624349,0.0114504133475966
"5002",185244.919860193,0.0709853464141693
"13017",3054.56379290843,0.0180836515454832
"8011",71090.3640907434,0.0277838891938532
"6008",88467.2698659284,0.0351493258184304
"6013",8062.81248840552,0.0327614800985059
"7004",208522.971088617,0.026750415455433
"7010",62315.4316805715,0.0176132456069011
"13004",57103.8016457473,0.0296129275691581
"9008",45384.2092809346,0.0191092540784836
"12004",9906.66653504397,0.0201964518058442
"15007",773312.699392862,0.0731585038884284
"11002",474810.923993542,0.0211403044978041
"16001",415361.164803486,0.0468577266129777
"15001",46099.2838794893,0.0637831218682386
"18016",624.872719143491,0.0206554129708717
"15023",131382.277889174,0.0343864083599464
"18013",45738.7445853776,0.0152366915458414
"21013",131486.64844635,0.024585009552348
"17018",2585.52285791237,0.00288884024227751
"22006",189478.626585752,0.00722774233880237
"21025",119525.796099788,0.0155803607601341
"23007",177967.720183344,0.0346664421572871
"21014",112523.136497439,0.0371087287492987
"61001",149287.959633541,0.0173013314971125
"69005",130993.28338637,0.00576266103128987
"66025",326155.313670261,0.0281267640493946
"57003",506022.506962634,0.0615453715450348
"39087",55485.2864266933,0.00456568437688112
"47013",6160.58188482724,0.00949430634828448
"35004",26453.3842159554,0.00337066832238911
"36002",46383.7992475889,0.00678976498714597
"47003",179013.587920375,0.0317122346402919
"47008",91121.8241732447,0.0154824747509958
"41009",227967.702589512,0.00680293767359621
"33053",40816.9633453186,0.00590149352709207
"33026",1439840.01790196,0.00420782784193836
"39092",16367.9545330182,0.00691070495199497
"33056",34879.4687265478,0.00283233290579872
"33063",46952.4562435583,0.00264246432263016
"39107",586.594374802229,0.00840794310863389
"39026",120898.752353744,0.00300254328536431
"38006",77530.2444470649,0.00718519178968471
"39109",27731.3590872469,0.00451321740886711
"33030",16753.6959676998,0.00527512570593298
"47019",340561.076990995,0.00892921987556409
"42026",11537.1136116126,0.00333034458848038
"43024",44977.0318456614,0.00354363465759516
"47017",20731.3692936536,0.0182785183554801
"47024",80190.6956581019,0.0338124249139269
"39140",164333.569985737,0.00260451645415161
"44011",34753.927104717,0.0135865312223242
"60002",201404.117254567,0.0206592436035199
"39054",21699.5191653243,0.00463737427480372
"35014",9062.14816626676,0.00318428580799741
"55035",413.257309316372,0.0444799676045095
"55036",47489.689223976,0.0060344917710917
"29004",23555.704815363,0.00245627007117951
"29005",44423.4409553454,0.00477453155679821
"28068",13952.8028183986,0.0115568780336367
"28049",40629.8788221192,0.00635957537411925
"27079",772073.336736935,0.0346043432691194
"30017",12616.1981751232,0.00291878056314809
"28061",116934.318966377,0.0154289424192352
"31004",365410.008711316,0.00456774093430268
"29002",29907.8086152802,0.00456677911909031
"32012",18816.4750547504,0.00348032936697307
"45009",101434.435067195,0.0222885693194184
"46003",203123.529907303,0.0254945646103992
"46008",73643.9334502821,0.024436562329247
"31001",25191.9394433599,0.00529204263274067
"39015",7892.999739194,0.00339271237729743
"54040",87000.9958304155,0.00278338077493498
"37012",34204.5806255841,0.00509627502027246
"39103",174301.529220501,0.00331778237116514
"43010",7261.9552988672,0.00245503688830259
"59001",245911.308267025,0.0472333631121315
"54095",2662457.04609092,0.0179405323000264
"71013",34519.8061063705,0.0368559356238275
"54062",1826.62024538107,0.00410144290194794
"62002",398291.909183594,0.0241278618796112
"53003",886537.326432775,0.00638928841033997
"55002",1360065.48274161,0.0247141039072288
"95004",4659.96899776881,0.0164746333421508
"96003",73932.1931214202,0.0121925888546536
"68044",63683.2030375231,0.0358192775310164
"53009",37895.6587595957,0.0135123397194734
"74006",33850.1425758345,0.0477638911639331
"94001",317355.621221044,0.054170895767392
"84032",2817.98151445281,0.0104943781678629
"206002",NA,NA
"68015",38541.7394378199,0.00262618965111811
"72014",23770.2077544367,0.0387051895897465
"54094",55337.6191615467,0.00312999572489573
"25808",NA,NA
"74001",71158.8888063669,0.0581224155189675
"73011",73555.2099884087,0.0422612622000391
"54081",29664.6437290861,0.0169584311913299
"81007",56226.1411430594,0.0340506423820548
"83005",314036.823068203,0.0161754726520022
"52017",24210.4401693521,0.0128798555158587
"39096",5882.67471485618,0.00475020189388343
"73006",20848.0435086435,0.0441694008289907
"205008",NA,NA
"70001",28485.7713776715,0.0394152938927034
"203010",NA,NA
"203018",NA,NA
"7012",20373.7874881907,0.016518000611602
"205004",NA,NA
"39055",8580.72023298918,0.00207115505406509
"94003",32945.6545576225,0.0385541157925681
"203050",NA,NA
"79005",198452.834663446,0.0329782062670868
"203027",NA,NA
"18019",192.192106849375,0.0881588133365956
"26006",1766.22636668512,0.00244816717907081
"203042",NA,NA
"21017",24781.8106076377,0.050038374768136
"21020",110586.213043967,0.0491729381692574
"19003",47774.0391790386,0.016395531546205
"21028",5358.93359722682,0.0205603811683719
"24008",363526.264177763,0.0478579859422218
"27011",73654.1003735105,0.0386654851917455
"22004",133996.382579858,0.0150605578428483
"23011",37751.554251083,0.0378351526517084
"25002",214745.099058965,0.0450429836321996
"27006",258550.361601078,0.0342342829253543
"27005",97303.5232797972,0.0594379032636106
"27010",15684.0941025551,0.0354445087012843
"26002",109269.498292462,0.00138684917904509
"27012",34305.5380878307,0.0480911978422155
"27082",5036.02938104565,0.00173500343432684
"27084",32303.7451417707,0.0383223022592892
"27042",44119.9485961888,0.0290472341297533
"27053",174494.969843055,0.0514089909542398
"27088",168098.423986282,0.0561104473799787
"27063",20319.0630161949,0.0369223531788465
"27019",21042.1370686068,0.0348731728278747
"27021",784687.993820958,0.018814903602686
"27033",22159.3877275951,0.0135388767989437
"28115",9104.70875723282,0.00571579336995801
"28118",35751.7255717254,0.00629509423625672
"27041",1084828.23931159,0.0147181680571957
"27040",29833.0787545116,0.00869692255845557
"27066",24863.0191673382,0.0177873928218086
"27047",7853.55681310804,0.0493451229666997
"27052",35546.9583123625,0.0181311740693936
"27062",390450.172393888,0.029188770752893
"28007",2934370.04341,0.0064287241367379
"28009",4623837.32673039,0.00962314650926673
"40001",18507.0268040793,0.00900069442085395
"44014",39863.2180081098,0.00508273005324437
"68001",404316.199606874,0.00419059317283637
"33035",1435061.03837108,0.00304598432948175
"47021",23038.3637622342,0.0112737213877767
"34004",281723.588392007,0.00308036647168561
"39089",4604.35385049671,0.00351210588875421
"50014",58897.9608905081,0.031350556383967
"39137",9386.99392860829,0.00191236112930863
"39078",31276.3540911406,0.0052517796471265
"37020",67780.5234446281,0.00588693781928968
"33031",31738.2290442688,0.00552071458197107
"37024",80838.776058872,0.00522494153113053
"39126",NA,NA
"38024",35128.2288939217,0.00279030021135379
"58005",69289.9863536402,0.0541853217927319
"33007",40430.075130155,0.00245811579264446
"33009",706915.672914466,0.00415336757245896
"39021",349773.78110607,0.00404947988904919
"39025",81457.8036225353,0.00657303068343373
"40024",13145.4289063515,0.0103691052038705
"47001",685896.930373578,0.0142719816288949
"39117",33396.5417439809,0.00172967063701162
"35003",30618.7914774427,0.00381663844538828
"38013",13569.4204603865,0.00198213479338026
"37015",30859.5101619446,0.00444832945522853
"45004",208154.516546103,0.0135846132051091
"78003",774168.409708898,0.0259954877984522
"75010",24476.675272079,0.026798133305464
"58004",74358.3167510292,0.0670515838923255
"106003",12549.5347598538,0.0304622274631854
"60009",71903.0345218382,0.0533711748239813
"69002",495560.708540723,0.0284512356067424
"60013",164036.022599182,0.0193334664886655
"77001",648312.516775619,0.0289533692434528
"77003",242871.97281348,0.0330056236564771
"201002",NA,NA
"201005",NA,NA
"201009",NA,NA
"54001",2983548.38251135,0.0172092524202516
"55021",239840.864433854,0.0145379141900871
"55023",2747804.59270488,0.0199432777850515
"69007",611157.726121879,0.0359034428479677
"50002",494625.26522655,0.0130092157524962
"52004",75008.3078289722,0.0121166647065727
"205029",NA,NA
"55008",6952.53889750053,0.0421850891086961
"72009",101662.389238371,0.029114574617313
"51002",16357.4638370822,0.0406489972424121
"55030",70745.1656019044,0.0306000090411164
"73013",63307.2333557641,0.0848853684691241
"50006",235668.406136627,0.02084764578609
"50007",39720.4947338511,0.014108336875639
"8018",139519.10575618,0.0513689392653155
"6003",276117.472762985,0.0578163735917203
"13001",89269.2677632509,0.0184714134404093
"4009",8552.1577605667,0.0452851024075362
"3006",28460.2987606364,0.0435431133791212
"6012",43877.7779263464,0.0311649602885468
"8006",1908283.99639966,0.03575665872853
"9002",662904.945201742,0.0213727770597835
"14001",196913.280381931,0.014844514818082
"14002",77220.3159156438,0.014131983523305
"10001",257456.111571059,0.011603877966856
"11003",308947.249701442,0.0242256129565503
"14007",32139.9378828883,0.0134300477444966
"18018",2667.49216991461,0.0715204413157549
"20007",53889.8228150092,0.026649647807238
"16007",43333.299333979,0.0399495964200858
"17008",30951.6396154638,0.0131286717586623
"15013",126412.475886521,0.044872823439515
"15028",44500.898592257,0.0184924797949031
"15034",431758.908041807,0.0436669831398342
"15035",433097.626008438,0.0334907166916164
"17015",22821.606170317,0.0291646182973796
"21007",350081.402150307,0.0362651676888644
"21011",159460.062850862,0.043418213006454
"19014",27582.9209005079,0.00628134501188871
"18008",129357.159205524,0.0684026067070253
"18015",121089.719087764,0.0602832355762419
"18001",122245.342187689,0.0236652199503438
"18002",136427.206208525,0.0382607037449275
"22009",249124.535242834,0.0238912451118134
"21003",510774.447635734,0.0291991262183203
"23016",20515.1680497085,0.0047979706510337
"20005",64247.6224240803,0.0206577054728542
"42023",143804.70321179,0.00319641523399712
"54025",31124.5432129459,0.0207292571868683
"57004",105181.945670321,0.0478942795375883
"32019",24961.0301929753,0.00625240451636212
"42015",3219.31124657716,0.00169924371255712
"35002",73511.0130870391,0.00268400051023274
"41001",7478.98559824676,0.00568622467174566
"33021",137889.488640805,0.00273325213628731
"36004",20421.1245612936,0.00475727806042352
"39148",3618988.58131149,0.00362622694987155
"33057",61755.9722133009,0.0022254943840189
"33051",68158.2288961526,0.0064238277406727
"36003",15651.0590350825,0.00543851262784908
"47018",47808.2893681422,0.0153262974244301
"41013",11419.9492575581,0.0100809467351604
"45818",3581.53816025241,0.0309807073784798
"33061",2148.57721224772,0.00186757064026704
"43021",702672.251539416,0.00352147404505746
"43007",485963.949388665,0.00476834752246522
"39130",2605345.81664822,0.00352514999723064
"28028",248760.355855429,0.00415818956711447
"39051",56855.6804446384,0.00461245693065223
"28053",186938.085737763,0.00389840282133891
"28056",52631.76154594,0.00611405400288772
"31021",135926.856193475,0.0048875752151443
"31022",4183.51454319404,0.00607105408840238
"30002",107583.349294739,0.00305435524042037
"31016",12247.9598870393,0.00895970041968582
"28109",3348.89578699805,0.00342228548415666
"34018",45802.3748643013,0.00491896437650062
"45006",14847.9044746839,0.0310361508716111
"32001",831546.248283616,0.00438721226356028
"54034",26403.137578479,0.0149225236593255
"40033",1321.78017091269,0.00445498901300775
"51003",18211.8891526176,0.0200713936235766
"47007",44335.4791604045,0.0260503720231961
"40007",180069.124154777,0.00954564438202329
"40009",87095.2744382615,0.00770140654395959
"60001",828767.224227446,0.0264022587058636
"54063",63926.3974672459,0.0110239841046199
"64011",2672.66352229359,0.0778507009226499
"102001",17615.2652187581,0.00479322655557499
"48006",26822.9633809397,0.0152349749754352
"53002",92274.0369704601,0.00379511912689039
"66011",352665.468784419,0.057246448809543
"54049",223725.879629536,0.00310680326713698
"68010",3953.95865682965,0.00343692478325754
"76008",274094.96247155,0.0199327515155752
"65007",70840.1360664425,0.0535830173231183
"236051",NA,NA
"81002",251512.335857786,0.0293453999600497
"63004",23219.2339735443,0.0618046724459261
"54085",4188.06912910803,0.019502588106226
"78006",150656.700938525,0.0453158602450582
"84029",16131.4038000624,0.0162894390209006
"201010",NA,NA
"73003",88789.406038831,0.0605355198209469
"52020",16696.0753775678,0.014027997467705
"73015",18576.1627716681,0.00485667296279666
"74008",40833.6976155676,0.062108980447035
"205010",NA,NA
"54087",NA,NA
"68021",7695.52820671009,0.00607494373703084
"83013",177331.718374849,0.0192360715253447
"54096",24428.9221515347,0.00459850340064428
"85001",625595.295274594,0.0512940369316591
"85003",61392.8272075732,0.0921422254270358
"85004",33141.8989221242,0.090857037995389
"86002",99701.8997789671,0.0742803707414996
"203038",NA,NA
"19009",4772.65287341407,0.00889304689919249
"23008",265571.20256236,0.0289292204115685
"21030",41493.449764386,0.0611921167221198
"27049",154067.289048539,0.0308102393827383
"25018",238115.904155643,0.0466276745905789
"24004",50573.7845168475,0.0342169652999336
"26001",14668.9935356194,0.00173072969959436
"26003",14473.3769154588,0.00170164538089139
"27023",68793.9931069208,0.0135302657317323
"27001",371077.939437089,0.0302865888290634
"27067",36006.5331100716,0.0343261633591693
"28086",70706.987710321,0.00412991100226002
"28087",125738.339954597,0.00323768487480482
"27064",47908.498285428,0.00457414888877234
"27065",68082.5826527242,0.0463364560698049
"27044",32406.5376438688,0.0053914098115765
"27054",26078.9376046258,0.0375910465724033
"28044",6494.98682007456,0.00484221214782831
"28041",29294.5152511398,0.0223829523952906
"28036",39226.0337041866,0.00405908780956956
"28012",820572.36048099,0.00535898365307275
"41027",24037.8815872543,0.00707824520271467
"39040",68646.5838514494,0.00185021774005222
"67033",1316139.80677478,0.027805637632694
"40022",40783.5240712876,0.00524708510276437
"39053",67122.3925071028,0.00508147822137878
"39125",3118.11153162333,0.0028792161956531
"40023",42599.4451475421,0.00458450627414311
"39099",2290.64411465222,0.00345014218451473
"71010",90902.125062776,0.0183334472691508
"38023",660370.003447086,0.00513410851617286
"42019",12797.6373127302,0.00814510360435929
"38020",25635.6621003538,0.00868996135523358
"37002",301719.895333726,0.00530365936951504
"37004",160663.342457279,0.00453366712513337
"34012",9460.86797964231,0.00268834376660492
"39049",14913.0651635991,0.00724069535910233
"47023",34644.2514116684,0.00800456895538496
"39031",13506.9908978034,0.00228463620673151
"46007",45924.2056734849,0.0148313990855474
"37019",25833.0614397042,0.00735105063587441
"37038",47336.8372003549,0.00457168945992587
"46014",183778.101036988,0.0282079896293272
"42025",3285.31683211677,0.00530545853499567
"33005",190247.096459972,0.0036896216737122
"33019",164631.001352614,0.0027078651592418
"39022",88740.3275341604,0.00289145676459828
"39023",17362.0584305969,0.00396925175468342
"65008",9040.10990185122,0.16934710716847
"76003",324300.51117798,0.0487417217603712
"37033",4081.28877578738,0.00537111296438667
"38012",6066.03845535783,0.00565479332268285
"45005",151201.190545567,0.0170083959873708
"84022",72412.9087573098,0.0135470449319293
"53025",61233.9605796775,0.0120057940828566
"69001",635472.667830312,0.0332638846209539
"48801",14768.3114441232,0.0117341876741819
"57014",67950.8054473627,0.0474643606107642
"58007",54644.4661920137,0.0403174970969496
"71004",305686.117136472,0.0254645314545999
"73012",206427.385156035,0.053608862006289
"84024",16418.5369492876,0.00873875144449585
"55032",125663.53733876,0.0288154405153797
"60008",41519.5651682501,0.023259971072883
"50009",15097.2996311483,0.0149158508316533
"54002",1262090.37931759,0.00447182558299444
"60005",56538.652432957,0.031995227478567
"51001",47328.7299325114,0.0185049957858494
"52010",73935.4716990397,0.00856242788366801
"49002",23520.5492369294,0.0109072776468948
"55006",125499.150534136,0.0288154405153797
"67010",13073.696359073,0.0436582754220245
"66002",165672.499574077,0.0299369694489188
"55027",3380.76290496944,0.00344489001280035
"55028",45604.7809152811,0.00661488835064189
"56015",101748.695990035,0.0120789622372601
"54010",144666.742239332,0.00666049101815219
"84027",61849.2026304111,0.0125041355414443
"67005",68360.6425022334,0.0437373778031036
"3002",158495.985134211,0.0519623653470981
"3004",127711.05492541,0.0536128170708842
"8016",20235.7214984509,0.0239945575761485
"12007",178210.364205566,0.0539455374727337
"4001",638339.72361116,0.0496743417773979
"13010",28345.2057828321,0.00945343218783952
"8002",695173.073093545,0.0416412405951412
"8004",344830.081146363,0.0369090831751465
"8007",293050.812078093,0.0448713260109599
"8009",144131.055865207,0.0220408735037932
"14005",18912.6665199774,0.00470642793148277
"12006",77341.0472701361,0.0400157770523835
"13008",336443.307149624,0.0330157864474714
"13003",332529.869604422,0.033093144197572
"9007",44200.8201268656,0.0146381706021509
"15006",2861564.010288,0.0436775394666834
"10003",298999.169779798,0.0112392024824981
"12005",66715.775775096,0.056965803075953
"15032",16462.5047636836,0.0254192907978326
"15039",98110.234247705,0.0545782531787932
"15004",13811.9614817417,0.0183399331691405
"17003",53439.1135152926,0.0143434767426611
"15011",240399.287301917,0.0745854582445241
"15014",63536.0409684171,0.039269363074825
"15015",46722.2817095888,0.0656532468887903
"15024",176304.679094024,0.0686447324879419
"15029",23471.2128514666,0.0233271109286675
"17012",21116.1609075479,0.0161694216936166
"21012",247464.497178506,0.0249862432451451
"18003",368737.820591713,0.0544481423654239
"18023",1632.44701945065,0.0383051140617495
"23004",622562.401412045,0.044794286942959
"20003",86537.1273396019,0.0158682902502613
"20006",41956.0175233255,0.0218938985974735
"44008",844.120183259076,0.00618103417807287
"44009",2303.13511038476,0.0105784839697398
"46005",15525.4686432185,0.0187839933442302
"41004",305001.716200973,0.00762586258758725
"41005",142714.766793141,0.00908699162973418
"47002",171633.98138267,0.00756048716837712
"47005",87266.7570208081,0.0102133878417141
"33027",53483.5263276483,0.00278198957083677
"37028",5300.36026167086,0.00418170893237659
"37029",NA,NA
"33070",43823.9882419664,0.00596812245567312
"35013",58468.3465356529,0.00534939794044777
"44002",84789.2380818184,0.00506665010831996
"36009",12050.4964843153,0.00440416704825129
"44012",6375.00395011187,0.00674673156574241
"41019",122301.435631563,0.00864025551046781
"43001",628105.862665625,0.00364888460428413
"39141",378318.092049894,0.00654334233732671
"43006",82325.4696708555,0.00586460981590207
"43009",313820.563329908,0.00573277860698053
"43011",27285.8889733784,0.00329076958330226
"39072",3735420.32775846,0.00363041534431118
"56002",186157.298218595,0.0423630237612857
"56005",109200.453339378,0.0360590056978205
"28018",622024.727357993,0.0130242738162257
"28025",93857.2436546381,0.00387335644533892
"28026",244883.687621889,0.00373648293055415
"28045",96426.9023099406,0.00520205794047533
"34019",199182.687374301,0.00336760784978416
"27080",663646.839636259,0.02377204840796
"28060",12317.6094441879,0.00467723629615033
"31023",1943.03010097484,0.0116196125179334
"30001",132703.457202822,0.00409357186692139
"29003",16412.1338116274,0.007455924816411
"30014",9440.06766782174,0.00619146415269236
"46002",326336.283247452,0.0277593794029072
"43029",2919.36882296127,0.00245709336971069
"31007",206521.273606979,0.00462763366842082
"31008",65086.018155696,0.00555302009412744
"32006",115339.456121468,0.00407558807208856
"32007",105245.481463773,0.00544354037568033
"48001",20786.8737376746,0.00904752984002752
"69025",493363.99065748,0.0284512356067424
"54041",93520.282429446,0.00516386904947312
"39122",90569.5145548097,0.00684622240364954
"39101",953.694635852755,0.00513486543533242
"39075",6677.26146761645,0.00225783480258313
"39102",24835.6427752522,0.00353245190450251
"33055",36121.4068938811,0.00590149352709207
"39037",22844.3156178894,0.00227709886505427
"42003",75658.987264341,0.00525473667618646
"38021",33841.9519092428,0.00566459716691731
"39091",9688.19124141077,0.0040175708139447
"40003",929191.022687495,0.00657477113958464
"39143",23705.6342349635,0.00533304071273108
"67009",57108.27483422,0.0273233971895875
"84016",31593.6392701619,0.0122270737668641
"55016",267873.482821971,0.0168477806589989
"71015",19893.9178272211,0.0644938683966812
"48008",19825.7473754228,0.0238856746028011
"107001",11074.7425467228,0.0119565665947669
"63001",116891.17328768,0.0430161076694738
"53005",84333.5025399757,0.0101075321186044
"27094",80278.5687809594,0.00269381338547469
"61002",151672.440433874,0.0210639812295904
"54054",167880.993529706,0.0192969976368032
"72011",175125.640741805,0.0623600366192305
"57002",33613.747285663,0.0497110796281686
"27095",36698.3606578274,0.0142542257846599
"95005",73060.8843037308,0.0354612911641444
"96001",96168.9729747328,0.0179443117907038
"53013",48371.9613037448,0.00579935616938032
"76009",117823.092349307,0.0338738152582663
"67017",51332.4736020025,0.0362722100465598
"48004",12886.7077458191,0.0233234238424515
"206006",NA,NA
"236007",NA,NA
"91002",944158.027965209,0.0674301475997394
"92001",197683.775679862,0.0723799164165129
"95001",98954.0641563118,0.0529146359094351
"101003",1538.45558457603,0.00783298629656823
"67018",57006.7573688985,0.0514730445541702
"55020",11337.7331143507,0.00761737252990867
"83003",131307.093976267,0.0222696839633438
"83004",149070.581475023,0.0183366006201608
"83006",435213.90434175,0.0174301903976656
"78005",200499.878042288,0.0225730753732065
"33025",8026.89187915085,0.00357605603832932
"84006",79248.14352662,0.0243688878158303
"84007",76514.748958259,0.0179401567072996
"48007",15869.4441344447,0.0195761483376258
"54097",1125.71344128781,0.0679631924925092
"72003",74618.851025583,0.0458478724699877
"203020",NA,NA
"206004",NA,NA
"79002",663531.647341257,0.0356313409832919
"203028",NA,NA
"203029",NA,NA
"203033",NA,NA
"15046",16962.2536975124,0.0161460179032422
"28102",132743.398659431,0.00346082598656799
"15030",136811.507709839,0.0149199148390569
"84005",1217936.39743267,0.0175210620642989
"67028",14287.771852688,0.0548706891050764
"22008",16228.5849448444,0.0351600089757856
"22003",16843.6959752272,0.0272961929707296
"21002",27811.6522575619,0.0183330677728681
"23013",74199.3404176641,0.0623565074357988
"27009",2274700.42551752,0.027061665825461
"25008",541644.627415856,0.0413445636158204
"23022",160771.396966003,0.0297403245756907
"24002",55519.5131977402,0.0143947389458552
"24005",108641.112975827,0.0169232332659343
"27058",30030.7928066675,0.0194154794049401
"26011",33840.7933172002,0.00353670130220191
"27071",901093.503574495,0.0245506050234708
"27089",599325.347109799,0.0363200180114504
"25019",19907.5153086993,0.0308741652557381
"26012",48294.4229476739,0.00245139099702385
"27086",94989.9290878474,0.0232752032036828
"27026",108083.114080861,0.0166603616854935
"27029",345633.239419573,0.0457076382227795
"28083",131192.149680924,0.00750552318571744
"28116",54033.0422398535,0.00496011013786876
"28039",46343.3877649538,0.0055386052668058
"27074",23741.9799310922,0.0163419412254635
"47011",66705.1670887194,0.0316679563054121
"33034",316934.842890427,0.00256772686540291
"33039",912693.968371546,0.00421333956423069
"52003",71611.2121040871,0.00955441020937595
"34006",199674.391727122,0.00342711264418305
"44003",34753.927104717,0.0135865312223242
"36015",226461.717712253,0.00537351201600482
"39012",24427.3299389269,0.00525459047453077
"39017",6902.64606435619,0.00485791080758143
"71011",147247.735432678,0.0272375920685744
"39135",13771.4001658508,0.00770981794063832
"42020",10602.967611217,0.00627859093735533
"38018",61677.5513081581,0.00512636321146402
"39071",2690.30523239466,0.00167755505243585
"37003",34854.5186318143,0.00391998418787708
"39090",94406.2589280566,0.00380313174543284
"37007",70504.1664493466,0.00516202263423768
"37009",31259.8074378339,0.00403842853854308
"37021",20527.153111401,0.0044867215937674
"46013",89445.543114662,0.0337550999488009
"33006",118164.766539342,0.00362292203609616
"33020",109892.505362058,0.00330672083834432
"33064",4363.11244405738,0.0020999453867576
"48011",112789.546462783,0.0205730556914
"45003",201214.7071731,0.0113834626564019
"76002",1035341.07359077,0.0369439875657724
"58001",162734.491013181,0.0422851009237104
"37022",23139.9819412956,0.0032634183772792
"84018",651875.732279074,0.0178037103047825
"84019",114843.740653742,0.0119569507254897
"78001",607867.026998587,0.0276531925235156
"54016",150974.934127489,0.00183481999730857
"60010",830146.363739359,0.0264022587058636
"54058",5464.62972506404,0.00505647484799797
"54090",581.648958520539,0.053485041995028
"57007",182952.227577731,0.0504453366313242
"75017",72851.7582079702,0.0231519557019947
"60006",91686.6695185574,0.0238581070788207
"50008",56611.4143266859,0.0155927567665877
"55003",571604.186369405,0.0121798172004635
"52005",168151.989593624,0.0148718376405371
"52006",144875.341928479,0.00924056599073153
"54044",53325.8571507334,0.00610151569386171
"54019",216020.5688751,0.00330647043486379
"55009",275891.998181662,0.0329525255936101
"55014",131813.797009084,0.0200654417862368
"73008",123851.984807172,0.0177281695776041
"72006",508229.541385698,0.049855269803885
"33052",16894.8776671143,0.00452792051188317
